Class,SaleDate,Coupon
1001,2015/5/1,0
1001,2015/5/2,0
1001,2015/5/3,0
1001,2015/5/4,0
1001,2015/5/5,0
1001,2015/5/6,0
1001,2015/5/7,0
1001,2015/5/8,0
1001,2015/5/9,0
1001,2015/5/10,0
1001,2015/5/11,0
1001,2015/5/12,0
1001,2015/5/13,0
1001,2015/5/14,0
1001,2015/5/15,0
1001,2015/5/16,0
1001,2015/5/17,0
1001,2015/5/18,0
1001,2015/5/19,0
1001,2015/5/20,0
1001,2015/5/21,0
1001,2015/5/22,0
1001,2015/5/23,0
1001,2015/5/24,0
1001,2015/5/25,0
1001,2015/5/26,0
1001,2015/5/27,0
1001,2015/5/28,0
1001,2015/5/29,0
1001,2015/5/30,0
1002,2015/5/1,0
1002,2015/5/2,0
1002,2015/5/3,0
1002,2015/5/4,0
1002,2015/5/5,0
1002,2015/5/6,0
1002,2015/5/7,0
1002,2015/5/8,0
1002,2015/5/9,0
1002,2015/5/10,0
1002,2015/5/11,0
1002,2015/5/12,0
1002,2015/5/13,0
1002,2015/5/14,0
1002,2015/5/15,0
1002,2015/5/16,0
1002,2015/5/17,0
1002,2015/5/18,0
1002,2015/5/19,0
1002,2015/5/20,0
1002,2015/5/21,0
1002,2015/5/22,0
1002,2015/5/23,0
1002,2015/5/24,0
1002,2015/5/25,0
1002,2015/5/26,0
1002,2015/5/27,0
1002,2015/5/28,0
1002,2015/5/29,0
1002,2015/5/30,0
1004,2015/5/1,0
1004,2015/5/2,0
1004,2015/5/3,0
1004,2015/5/4,0
1004,2015/5/5,0
1004,2015/5/6,0
1004,2015/5/7,0
1004,2015/5/8,0
1004,2015/5/9,0
1004,2015/5/10,0
1004,2015/5/11,0
1004,2015/5/12,0
1004,2015/5/13,0
1004,2015/5/14,0
1004,2015/5/15,0
1004,2015/5/16,0
1004,2015/5/17,0
1004,2015/5/18,0
1004,2015/5/19,0
1004,2015/5/20,0
1004,2015/5/21,0
1004,2015/5/22,0
1004,2015/5/23,0
1004,2015/5/24,0
1004,2015/5/25,0
1004,2015/5/26,0
1004,2015/5/27,0
1004,2015/5/28,0
1004,2015/5/29,0
1004,2015/5/30,0
1005,2015/5/1,0
1005,2015/5/2,0
1005,2015/5/3,0
1005,2015/5/4,0
1005,2015/5/5,0
1005,2015/5/6,0
1005,2015/5/7,0
1005,2015/5/8,0
1005,2015/5/9,0
1005,2015/5/10,0
1005,2015/5/11,0
1005,2015/5/12,0
1005,2015/5/13,0
1005,2015/5/14,0
1005,2015/5/15,0
1005,2015/5/16,0
1005,2015/5/17,0
1005,2015/5/18,0
1005,2015/5/19,0
1005,2015/5/20,0
1005,2015/5/21,0
1005,2015/5/22,0
1005,2015/5/23,0
1005,2015/5/24,0
1005,2015/5/25,0
1005,2015/5/26,0
1005,2015/5/27,0
1005,2015/5/28,0
1005,2015/5/29,0
1005,2015/5/30,0
1006,2015/5/1,0
1006,2015/5/2,0
1006,2015/5/3,0
1006,2015/5/4,0
1006,2015/5/5,0
1006,2015/5/6,0
1006,2015/5/7,0
1006,2015/5/8,0
1006,2015/5/9,0
1006,2015/5/10,0
1006,2015/5/11,0
1006,2015/5/12,0
1006,2015/5/13,0
1006,2015/5/14,0
1006,2015/5/15,0
1006,2015/5/16,0
1006,2015/5/17,0
1006,2015/5/18,0
1006,2015/5/19,0
1006,2015/5/20,0
1006,2015/5/21,0
1006,2015/5/22,0
1006,2015/5/23,0
1006,2015/5/24,0
1006,2015/5/25,0
1006,2015/5/26,0
1006,2015/5/27,0
1006,2015/5/28,0
1006,2015/5/29,0
1006,2015/5/30,0
1007,2015/5/1,0
1007,2015/5/2,0
1007,2015/5/3,0
1007,2015/5/4,0
1007,2015/5/5,0
1007,2015/5/6,0
1007,2015/5/7,0
1007,2015/5/8,0
1007,2015/5/9,0
1007,2015/5/10,0
1007,2015/5/11,0
1007,2015/5/12,0
1007,2015/5/13,0
1007,2015/5/14,0
1007,2015/5/15,0
1007,2015/5/16,0
1007,2015/5/17,0
1007,2015/5/18,0
1007,2015/5/19,0
1007,2015/5/20,0
1007,2015/5/21,0
1007,2015/5/22,0
1007,2015/5/23,0
1007,2015/5/24,0
1007,2015/5/25,0
1007,2015/5/26,0
1007,2015/5/27,0
1007,2015/5/28,0
1007,2015/5/29,0
1007,2015/5/30,0
1099,2015/5/1,0
1099,2015/5/2,0
1099,2015/5/3,0
1099,2015/5/4,0
1099,2015/5/5,0
1099,2015/5/6,0
1099,2015/5/7,0
1099,2015/5/8,0
1099,2015/5/9,0
1099,2015/5/10,0
1099,2015/5/11,0
1099,2015/5/12,0
1099,2015/5/13,0
1099,2015/5/14,0
1099,2015/5/15,0
1099,2015/5/16,0
1099,2015/5/17,0
1099,2015/5/18,0
1099,2015/5/19,0
1099,2015/5/20,0
1099,2015/5/21,0
1099,2015/5/22,0
1099,2015/5/23,0
1099,2015/5/24,0
1099,2015/5/25,0
1099,2015/5/26,0
1099,2015/5/27,0
1099,2015/5/28,0
1099,2015/5/29,0
1099,2015/5/30,0
1101,2015/5/1,0
1101,2015/5/2,0
1101,2015/5/3,0
1101,2015/5/4,0
1101,2015/5/5,0
1101,2015/5/6,0
1101,2015/5/7,0
1101,2015/5/8,0
1101,2015/5/9,0
1101,2015/5/10,0
1101,2015/5/11,0
1101,2015/5/12,0
1101,2015/5/13,0
1101,2015/5/14,0
1101,2015/5/15,0
1101,2015/5/16,0
1101,2015/5/17,0
1101,2015/5/18,0
1101,2015/5/19,0
1101,2015/5/20,0
1101,2015/5/21,0
1101,2015/5/22,0
1101,2015/5/23,0
1101,2015/5/24,0
1101,2015/5/25,0
1101,2015/5/26,0
1101,2015/5/27,0
1101,2015/5/28,0
1101,2015/5/29,0
1101,2015/5/30,0
1102,2015/5/1,0
1102,2015/5/2,0
1102,2015/5/3,0
1102,2015/5/4,0
1102,2015/5/5,0
1102,2015/5/6,0
1102,2015/5/7,0
1102,2015/5/8,0
1102,2015/5/9,0
1102,2015/5/10,0
1102,2015/5/11,0
1102,2015/5/12,0
1102,2015/5/13,0
1102,2015/5/14,0
1102,2015/5/15,0
1102,2015/5/16,0
1102,2015/5/17,0
1102,2015/5/18,0
1102,2015/5/19,0
1102,2015/5/20,0
1102,2015/5/21,0
1102,2015/5/22,0
1102,2015/5/23,0
1102,2015/5/24,0
1102,2015/5/25,0
1102,2015/5/26,0
1102,2015/5/27,0
1102,2015/5/28,0
1102,2015/5/29,0
1102,2015/5/30,0
1103,2015/5/1,0
1103,2015/5/2,0
1103,2015/5/3,0
1103,2015/5/4,0
1103,2015/5/5,0
1103,2015/5/6,0
1103,2015/5/7,0
1103,2015/5/8,0
1103,2015/5/9,0
1103,2015/5/10,0
1103,2015/5/11,0
1103,2015/5/12,0
1103,2015/5/13,0
1103,2015/5/14,0
1103,2015/5/15,0
1103,2015/5/16,0
1103,2015/5/17,0
1103,2015/5/18,0
1103,2015/5/19,0
1103,2015/5/20,0
1103,2015/5/21,0
1103,2015/5/22,0
1103,2015/5/23,0
1103,2015/5/24,0
1103,2015/5/25,0
1103,2015/5/26,0
1103,2015/5/27,0
1103,2015/5/28,0
1103,2015/5/29,0
1103,2015/5/30,0
1104,2015/5/1,0
1104,2015/5/2,0
1104,2015/5/3,0
1104,2015/5/4,0
1104,2015/5/5,0
1104,2015/5/6,0
1104,2015/5/7,0
1104,2015/5/8,0
1104,2015/5/9,0
1104,2015/5/10,0
1104,2015/5/11,0
1104,2015/5/12,0
1104,2015/5/13,0
1104,2015/5/14,0
1104,2015/5/15,0
1104,2015/5/16,0
1104,2015/5/17,0
1104,2015/5/18,0
1104,2015/5/19,0
1104,2015/5/20,0
1104,2015/5/21,0
1104,2015/5/22,0
1104,2015/5/23,0
1104,2015/5/24,0
1104,2015/5/25,0
1104,2015/5/26,0
1104,2015/5/27,0
1104,2015/5/28,0
1104,2015/5/29,0
1104,2015/5/30,0
1201,2015/5/1,0
1201,2015/5/2,0
1201,2015/5/3,0
1201,2015/5/4,0
1201,2015/5/5,0
1201,2015/5/6,0
1201,2015/5/7,0
1201,2015/5/8,0
1201,2015/5/9,0
1201,2015/5/10,0
1201,2015/5/11,0
1201,2015/5/12,0
1201,2015/5/13,0
1201,2015/5/14,0
1201,2015/5/15,0
1201,2015/5/16,0
1201,2015/5/17,0
1201,2015/5/18,0
1201,2015/5/19,0
1201,2015/5/20,0
1201,2015/5/21,0
1201,2015/5/22,0
1201,2015/5/23,0
1201,2015/5/24,0
1201,2015/5/25,0
1201,2015/5/26,0
1201,2015/5/27,0
1201,2015/5/28,0
1201,2015/5/29,0
1201,2015/5/30,0
1202,2015/5/1,0
1202,2015/5/2,0
1202,2015/5/3,0
1202,2015/5/4,0
1202,2015/5/5,0
1202,2015/5/6,0
1202,2015/5/7,0
1202,2015/5/8,0
1202,2015/5/9,0
1202,2015/5/10,0
1202,2015/5/11,0
1202,2015/5/12,0
1202,2015/5/13,0
1202,2015/5/14,0
1202,2015/5/15,0
1202,2015/5/16,0
1202,2015/5/17,0
1202,2015/5/18,0
1202,2015/5/19,0
1202,2015/5/20,0
1202,2015/5/21,0
1202,2015/5/22,0
1202,2015/5/23,0
1202,2015/5/24,0
1202,2015/5/25,0
1202,2015/5/26,0
1202,2015/5/27,0
1202,2015/5/28,0
1202,2015/5/29,0
1202,2015/5/30,0
1203,2015/5/1,0
1203,2015/5/2,0
1203,2015/5/3,0
1203,2015/5/4,0
1203,2015/5/5,0
1203,2015/5/6,0
1203,2015/5/7,0
1203,2015/5/8,0
1203,2015/5/9,0
1203,2015/5/10,0
1203,2015/5/11,0
1203,2015/5/12,0
1203,2015/5/13,0
1203,2015/5/14,0
1203,2015/5/15,0
1203,2015/5/16,0
1203,2015/5/17,0
1203,2015/5/18,0
1203,2015/5/19,0
1203,2015/5/20,0
1203,2015/5/21,0
1203,2015/5/22,0
1203,2015/5/23,0
1203,2015/5/24,0
1203,2015/5/25,0
1203,2015/5/26,0
1203,2015/5/27,0
1203,2015/5/28,0
1203,2015/5/29,0
1203,2015/5/30,0
1205,2015/5/1,0
1205,2015/5/2,0
1205,2015/5/3,0
1205,2015/5/4,0
1205,2015/5/5,0
1205,2015/5/6,0
1205,2015/5/7,0
1205,2015/5/8,0
1205,2015/5/9,0
1205,2015/5/10,0
1205,2015/5/11,0
1205,2015/5/12,0
1205,2015/5/13,0
1205,2015/5/14,0
1205,2015/5/15,0
1205,2015/5/16,0
1205,2015/5/17,0
1205,2015/5/18,0
1205,2015/5/19,0
1205,2015/5/20,0
1205,2015/5/21,0
1205,2015/5/22,0
1205,2015/5/23,0
1205,2015/5/24,0
1205,2015/5/25,0
1205,2015/5/26,0
1205,2015/5/27,0
1205,2015/5/28,0
1205,2015/5/29,0
1205,2015/5/30,0
1301,2015/5/1,0
1301,2015/5/2,0
1301,2015/5/3,0
1301,2015/5/4,0
1301,2015/5/5,0
1301,2015/5/6,0
1301,2015/5/7,0
1301,2015/5/8,0
1301,2015/5/9,0
1301,2015/5/10,0
1301,2015/5/11,0
1301,2015/5/12,0
1301,2015/5/13,0
1301,2015/5/14,0
1301,2015/5/15,0
1301,2015/5/16,0
1301,2015/5/17,0
1301,2015/5/18,0
1301,2015/5/19,0
1301,2015/5/20,0
1301,2015/5/21,0
1301,2015/5/22,0
1301,2015/5/23,0
1301,2015/5/24,0
1301,2015/5/25,0
1301,2015/5/26,0
1301,2015/5/27,0
1301,2015/5/28,0
1301,2015/5/29,0
1301,2015/5/30,0
1302,2015/5/1,0
1302,2015/5/2,0
1302,2015/5/3,0
1302,2015/5/4,0
1302,2015/5/5,0
1302,2015/5/6,0
1302,2015/5/7,0
1302,2015/5/8,0
1302,2015/5/9,0
1302,2015/5/10,0
1302,2015/5/11,0
1302,2015/5/12,0
1302,2015/5/13,0
1302,2015/5/14,0
1302,2015/5/15,0
1302,2015/5/16,0
1302,2015/5/17,0
1302,2015/5/18,0
1302,2015/5/19,0
1302,2015/5/20,0
1302,2015/5/21,0
1302,2015/5/22,0
1302,2015/5/23,0
1302,2015/5/24,0
1302,2015/5/25,0
1302,2015/5/26,0
1302,2015/5/27,0
1302,2015/5/28,0
1302,2015/5/29,0
1302,2015/5/30,0
1306,2015/5/1,0
1306,2015/5/2,0
1306,2015/5/3,0
1306,2015/5/4,0
1306,2015/5/5,0
1306,2015/5/6,0
1306,2015/5/7,0
1306,2015/5/8,0
1306,2015/5/9,0
1306,2015/5/10,0
1306,2015/5/11,0
1306,2015/5/12,0
1306,2015/5/13,0
1306,2015/5/14,0
1306,2015/5/15,0
1306,2015/5/16,0
1306,2015/5/17,0
1306,2015/5/18,0
1306,2015/5/19,0
1306,2015/5/20,0
1306,2015/5/21,0
1306,2015/5/22,0
1306,2015/5/23,0
1306,2015/5/24,0
1306,2015/5/25,0
1306,2015/5/26,0
1306,2015/5/27,0
1306,2015/5/28,0
1306,2015/5/29,0
1306,2015/5/30,0
1308,2015/5/1,0
1308,2015/5/2,0
1308,2015/5/3,0
1308,2015/5/4,0
1308,2015/5/5,0
1308,2015/5/6,0
1308,2015/5/7,0
1308,2015/5/8,0
1308,2015/5/9,0
1308,2015/5/10,0
1308,2015/5/11,0
1308,2015/5/12,0
1308,2015/5/13,0
1308,2015/5/14,0
1308,2015/5/15,0
1308,2015/5/16,0
1308,2015/5/17,0
1308,2015/5/18,0
1308,2015/5/19,0
1308,2015/5/20,0
1308,2015/5/21,0
1308,2015/5/22,0
1308,2015/5/23,0
1308,2015/5/24,0
1308,2015/5/25,0
1308,2015/5/26,0
1308,2015/5/27,0
1308,2015/5/28,0
1308,2015/5/29,0
1308,2015/5/30,0
1402,2015/5/1,0
1402,2015/5/2,0
1402,2015/5/3,0
1402,2015/5/4,0
1402,2015/5/5,0
1402,2015/5/6,0
1402,2015/5/7,0
1402,2015/5/8,0
1402,2015/5/9,0
1402,2015/5/10,0
1402,2015/5/11,0
1402,2015/5/12,0
1402,2015/5/13,0
1402,2015/5/14,0
1402,2015/5/15,0
1402,2015/5/16,0
1402,2015/5/17,0
1402,2015/5/18,0
1402,2015/5/19,0
1402,2015/5/20,0
1402,2015/5/21,0
1402,2015/5/22,0
1402,2015/5/23,0
1402,2015/5/24,0
1402,2015/5/25,0
1402,2015/5/26,0
1402,2015/5/27,0
1402,2015/5/28,0
1402,2015/5/29,0
1402,2015/5/30,0
1403,2015/5/1,0
1403,2015/5/2,0
1403,2015/5/3,0
1403,2015/5/4,0
1403,2015/5/5,0
1403,2015/5/6,0
1403,2015/5/7,0
1403,2015/5/8,0
1403,2015/5/9,0
1403,2015/5/10,0
1403,2015/5/11,0
1403,2015/5/12,0
1403,2015/5/13,0
1403,2015/5/14,0
1403,2015/5/15,0
1403,2015/5/16,0
1403,2015/5/17,0
1403,2015/5/18,0
1403,2015/5/19,0
1403,2015/5/20,0
1403,2015/5/21,0
1403,2015/5/22,0
1403,2015/5/23,0
1403,2015/5/24,0
1403,2015/5/25,0
1403,2015/5/26,0
1403,2015/5/27,0
1403,2015/5/28,0
1403,2015/5/29,0
1403,2015/5/30,0
1501,2015/5/1,0
1501,2015/5/2,0
1501,2015/5/3,0
1501,2015/5/4,0
1501,2015/5/5,0
1501,2015/5/6,1
1501,2015/5/7,0
1501,2015/5/8,0
1501,2015/5/9,0
1501,2015/5/10,0
1501,2015/5/11,0
1501,2015/5/12,0
1501,2015/5/13,1
1501,2015/5/14,0
1501,2015/5/15,0
1501,2015/5/16,0
1501,2015/5/17,0
1501,2015/5/18,0
1501,2015/5/19,0
1501,2015/5/20,1
1501,2015/5/21,0
1501,2015/5/22,0
1501,2015/5/23,0
1501,2015/5/24,0
1501,2015/5/25,0
1501,2015/5/26,0
1501,2015/5/27,1
1501,2015/5/28,0
1501,2015/5/29,0
1501,2015/5/30,0
1502,2015/5/1,0
1502,2015/5/2,0
1502,2015/5/3,0
1502,2015/5/4,0
1502,2015/5/5,0
1502,2015/5/6,0
1502,2015/5/7,0
1502,2015/5/8,0
1502,2015/5/9,0
1502,2015/5/10,0
1502,2015/5/11,0
1502,2015/5/12,0
1502,2015/5/13,0
1502,2015/5/14,0
1502,2015/5/15,0
1502,2015/5/16,0
1502,2015/5/17,0
1502,2015/5/18,0
1502,2015/5/19,0
1502,2015/5/20,0
1502,2015/5/21,0
1502,2015/5/22,0
1502,2015/5/23,0
1502,2015/5/24,0
1502,2015/5/25,0
1502,2015/5/26,0
1502,2015/5/27,0
1502,2015/5/28,0
1502,2015/5/29,0
1502,2015/5/30,0
1503,2015/5/1,0
1503,2015/5/2,0
1503,2015/5/3,0
1503,2015/5/4,0
1503,2015/5/5,0
1503,2015/5/6,0
1503,2015/5/7,0
1503,2015/5/8,0
1503,2015/5/9,0
1503,2015/5/10,0
1503,2015/5/11,0
1503,2015/5/12,0
1503,2015/5/13,0
1503,2015/5/14,0
1503,2015/5/15,0
1503,2015/5/16,0
1503,2015/5/17,0
1503,2015/5/18,0
1503,2015/5/19,0
1503,2015/5/20,0
1503,2015/5/21,0
1503,2015/5/22,0
1503,2015/5/23,0
1503,2015/5/24,0
1503,2015/5/25,0
1503,2015/5/26,0
1503,2015/5/27,0
1503,2015/5/28,0
1503,2015/5/29,0
1503,2015/5/30,0
1504,2015/5/1,0
1504,2015/5/2,0
1504,2015/5/3,0
1504,2015/5/4,0
1504,2015/5/5,0
1504,2015/5/6,0
1504,2015/5/7,0
1504,2015/5/8,0
1504,2015/5/9,0
1504,2015/5/10,0
1504,2015/5/11,0
1504,2015/5/12,0
1504,2015/5/13,0
1504,2015/5/14,0
1504,2015/5/15,0
1504,2015/5/16,0
1504,2015/5/17,0
1504,2015/5/18,0
1504,2015/5/19,0
1504,2015/5/20,0
1504,2015/5/21,0
1504,2015/5/22,0
1504,2015/5/23,0
1504,2015/5/24,0
1504,2015/5/25,0
1504,2015/5/26,0
1504,2015/5/27,0
1504,2015/5/28,0
1504,2015/5/29,0
1504,2015/5/30,0
1505,2015/5/1,5
1505,2015/5/2,3
1505,2015/5/3,3
1505,2015/5/4,5
1505,2015/5/5,6
1505,2015/5/6,8
1505,2015/5/7,5
1505,2015/5/8,6
1505,2015/5/9,6
1505,2015/5/10,5
1505,2015/5/11,6
1505,2015/5/12,6
1505,2015/5/13,8
1505,2015/5/14,6
1505,2015/5/15,6
1505,2015/5/16,6
1505,2015/5/17,5
1505,2015/5/18,6
1505,2015/5/19,6
1505,2015/5/20,8
1505,2015/5/21,6
1505,2015/5/22,7
1505,2015/5/23,6
1505,2015/5/24,6
1505,2015/5/25,7
1505,2015/5/26,6
1505,2015/5/27,8
1505,2015/5/28,6
1505,2015/5/29,7
1505,2015/5/30,6
1508,2015/5/1,1
1508,2015/5/2,0
1508,2015/5/3,0
1508,2015/5/4,0
1508,2015/5/5,0
1508,2015/5/6,1
1508,2015/5/7,0
1508,2015/5/8,1
1508,2015/5/9,0
1508,2015/5/10,0
1508,2015/5/11,0
1508,2015/5/12,0
1508,2015/5/13,1
1508,2015/5/14,0
1508,2015/5/15,1
1508,2015/5/16,0
1508,2015/5/17,0
1508,2015/5/18,0
1508,2015/5/19,0
1508,2015/5/20,1
1508,2015/5/21,0
1508,2015/5/22,1
1508,2015/5/23,0
1508,2015/5/24,0
1508,2015/5/25,0
1508,2015/5/26,0
1508,2015/5/27,1
1508,2015/5/28,0
1508,2015/5/29,1
1508,2015/5/30,0
1509,2015/5/1,0
1509,2015/5/2,0
1509,2015/5/3,0
1509,2015/5/4,0
1509,2015/5/5,0
1509,2015/5/6,0
1509,2015/5/7,0
1509,2015/5/8,0
1509,2015/5/9,0
1509,2015/5/10,0
1509,2015/5/11,0
1509,2015/5/12,0
1509,2015/5/13,0
1509,2015/5/14,0
1509,2015/5/15,0
1509,2015/5/16,0
1509,2015/5/17,0
1509,2015/5/18,0
1509,2015/5/19,0
1509,2015/5/20,0
1509,2015/5/21,0
1509,2015/5/22,0
1509,2015/5/23,0
1509,2015/5/24,0
1509,2015/5/25,0
1509,2015/5/26,0
1509,2015/5/27,0
1509,2015/5/28,0
1509,2015/5/29,0
1509,2015/5/30,0
1510,2015/5/1,1
1510,2015/5/2,1
1510,2015/5/3,1
1510,2015/5/4,0
1510,2015/5/5,0
1510,2015/5/6,0
1510,2015/5/7,0
1510,2015/5/8,0
1510,2015/5/9,0
1510,2015/5/10,0
1510,2015/5/11,0
1510,2015/5/12,0
1510,2015/5/13,0
1510,2015/5/14,0
1510,2015/5/15,0
1510,2015/5/16,0
1510,2015/5/17,0
1510,2015/5/18,0
1510,2015/5/19,0
1510,2015/5/20,0
1510,2015/5/21,0
1510,2015/5/22,0
1510,2015/5/23,0
1510,2015/5/24,0
1510,2015/5/25,0
1510,2015/5/26,0
1510,2015/5/27,0
1510,2015/5/28,0
1510,2015/5/29,0
1510,2015/5/30,0
1511,2015/5/1,0
1511,2015/5/2,0
1511,2015/5/3,0
1511,2015/5/4,0
1511,2015/5/5,0
1511,2015/5/6,0
1511,2015/5/7,0
1511,2015/5/8,0
1511,2015/5/9,0
1511,2015/5/10,0
1511,2015/5/11,0
1511,2015/5/12,0
1511,2015/5/13,0
1511,2015/5/14,0
1511,2015/5/15,0
1511,2015/5/16,0
1511,2015/5/17,0
1511,2015/5/18,0
1511,2015/5/19,0
1511,2015/5/20,0
1511,2015/5/21,0
1511,2015/5/22,0
1511,2015/5/23,0
1511,2015/5/24,0
1511,2015/5/25,0
1511,2015/5/26,0
1511,2015/5/27,0
1511,2015/5/28,0
1511,2015/5/29,0
1511,2015/5/30,0
1512,2015/5/1,1
1512,2015/5/2,0
1512,2015/5/3,0
1512,2015/5/4,0
1512,2015/5/5,0
1512,2015/5/6,1
1512,2015/5/7,0
1512,2015/5/8,0
1512,2015/5/9,0
1512,2015/5/10,0
1512,2015/5/11,0
1512,2015/5/12,0
1512,2015/5/13,1
1512,2015/5/14,0
1512,2015/5/15,0
1512,2015/5/16,0
1512,2015/5/17,0
1512,2015/5/18,0
1512,2015/5/19,0
1512,2015/5/20,1
1512,2015/5/21,0
1512,2015/5/22,0
1512,2015/5/23,0
1512,2015/5/24,0
1512,2015/5/25,0
1512,2015/5/26,0
1512,2015/5/27,1
1512,2015/5/28,0
1512,2015/5/29,0
1512,2015/5/30,0
1513,2015/5/1,0
1513,2015/5/2,0
1513,2015/5/3,0
1513,2015/5/4,0
1513,2015/5/5,0
1513,2015/5/6,1
1513,2015/5/7,0
1513,2015/5/8,1
1513,2015/5/9,0
1513,2015/5/10,0
1513,2015/5/11,0
1513,2015/5/12,0
1513,2015/5/13,1
1513,2015/5/14,0
1513,2015/5/15,1
1513,2015/5/16,0
1513,2015/5/17,0
1513,2015/5/18,0
1513,2015/5/19,0
1513,2015/5/20,1
1513,2015/5/21,0
1513,2015/5/22,1
1513,2015/5/23,0
1513,2015/5/24,0
1513,2015/5/25,0
1513,2015/5/26,0
1513,2015/5/27,1
1513,2015/5/28,0
1513,2015/5/29,1
1513,2015/5/30,0
1514,2015/5/1,0
1514,2015/5/2,0
1514,2015/5/3,0
1514,2015/5/4,0
1514,2015/5/5,0
1514,2015/5/6,0
1514,2015/5/7,0
1514,2015/5/8,0
1514,2015/5/9,0
1514,2015/5/10,0
1514,2015/5/11,0
1514,2015/5/12,0
1514,2015/5/13,0
1514,2015/5/14,0
1514,2015/5/15,0
1514,2015/5/16,0
1514,2015/5/17,0
1514,2015/5/18,0
1514,2015/5/19,0
1514,2015/5/20,0
1514,2015/5/21,0
1514,2015/5/22,0
1514,2015/5/23,0
1514,2015/5/24,0
1514,2015/5/25,0
1514,2015/5/26,0
1514,2015/5/27,0
1514,2015/5/28,0
1514,2015/5/29,0
1514,2015/5/30,0
1515,2015/5/1,0
1515,2015/5/2,0
1515,2015/5/3,0
1515,2015/5/4,0
1515,2015/5/5,0
1515,2015/5/6,0
1515,2015/5/7,0
1515,2015/5/8,0
1515,2015/5/9,0
1515,2015/5/10,0
1515,2015/5/11,0
1515,2015/5/12,0
1515,2015/5/13,0
1515,2015/5/14,0
1515,2015/5/15,0
1515,2015/5/16,0
1515,2015/5/17,0
1515,2015/5/18,0
1515,2015/5/19,0
1515,2015/5/20,0
1515,2015/5/21,0
1515,2015/5/22,0
1515,2015/5/23,0
1515,2015/5/24,0
1515,2015/5/25,0
1515,2015/5/26,0
1515,2015/5/27,0
1515,2015/5/28,0
1515,2015/5/29,0
1515,2015/5/30,0
1516,2015/5/1,0
1516,2015/5/2,0
1516,2015/5/3,0
1516,2015/5/4,0
1516,2015/5/5,0
1516,2015/5/6,0
1516,2015/5/7,0
1516,2015/5/8,0
1516,2015/5/9,0
1516,2015/5/10,0
1516,2015/5/11,0
1516,2015/5/12,0
1516,2015/5/13,0
1516,2015/5/14,0
1516,2015/5/15,0
1516,2015/5/16,0
1516,2015/5/17,0
1516,2015/5/18,0
1516,2015/5/19,0
1516,2015/5/20,0
1516,2015/5/21,0
1516,2015/5/22,0
1516,2015/5/23,0
1516,2015/5/24,0
1516,2015/5/25,0
1516,2015/5/26,0
1516,2015/5/27,0
1516,2015/5/28,0
1516,2015/5/29,0
1516,2015/5/30,0
1517,2015/5/1,0
1517,2015/5/2,1
1517,2015/5/3,1
1517,2015/5/4,1
1517,2015/5/5,1
1517,2015/5/6,1
1517,2015/5/7,1
1517,2015/5/8,1
1517,2015/5/9,1
1517,2015/5/10,1
1517,2015/5/11,1
1517,2015/5/12,0
1517,2015/5/13,1
1517,2015/5/14,0
1517,2015/5/15,0
1517,2015/5/16,1
1517,2015/5/17,1
1517,2015/5/18,1
1517,2015/5/19,0
1517,2015/5/20,1
1517,2015/5/21,0
1517,2015/5/22,0
1517,2015/5/23,1
1517,2015/5/24,1
1517,2015/5/25,1
1517,2015/5/26,0
1517,2015/5/27,1
1517,2015/5/28,0
1517,2015/5/29,0
1517,2015/5/30,1
1518,2015/5/1,4
1518,2015/5/2,3
1518,2015/5/3,2
1518,2015/5/4,2
1518,2015/5/5,3
1518,2015/5/6,7
1518,2015/5/7,2
1518,2015/5/8,3
1518,2015/5/9,4
1518,2015/5/10,3
1518,2015/5/11,4
1518,2015/5/12,3
1518,2015/5/13,7
1518,2015/5/14,2
1518,2015/5/15,3
1518,2015/5/16,4
1518,2015/5/17,3
1518,2015/5/18,4
1518,2015/5/19,3
1518,2015/5/20,7
1518,2015/5/21,2
1518,2015/5/22,3
1518,2015/5/23,4
1518,2015/5/24,3
1518,2015/5/25,4
1518,2015/5/26,3
1518,2015/5/27,7
1518,2015/5/28,2
1518,2015/5/29,3
1518,2015/5/30,4
1519,2015/5/1,4
1519,2015/5/2,0
1519,2015/5/3,1
1519,2015/5/4,0
1519,2015/5/5,1
1519,2015/5/6,1
1519,2015/5/7,0
1519,2015/5/8,0
1519,2015/5/9,0
1519,2015/5/10,0
1519,2015/5/11,0
1519,2015/5/12,1
1519,2015/5/13,1
1519,2015/5/14,0
1519,2015/5/15,0
1519,2015/5/16,0
1519,2015/5/17,0
1519,2015/5/18,0
1519,2015/5/19,1
1519,2015/5/20,1
1519,2015/5/21,0
1519,2015/5/22,0
1519,2015/5/23,0
1519,2015/5/24,0
1519,2015/5/25,0
1519,2015/5/26,1
1519,2015/5/27,1
1519,2015/5/28,0
1519,2015/5/29,0
1519,2015/5/30,0
1521,2015/5/1,0
1521,2015/5/2,0
1521,2015/5/3,0
1521,2015/5/4,0
1521,2015/5/5,0
1521,2015/5/6,0
1521,2015/5/7,0
1521,2015/5/8,0
1521,2015/5/9,0
1521,2015/5/10,0
1521,2015/5/11,0
1521,2015/5/12,0
1521,2015/5/13,0
1521,2015/5/14,0
1521,2015/5/15,0
1521,2015/5/16,0
1521,2015/5/17,0
1521,2015/5/18,0
1521,2015/5/19,0
1521,2015/5/20,0
1521,2015/5/21,0
1521,2015/5/22,0
1521,2015/5/23,0
1521,2015/5/24,0
1521,2015/5/25,0
1521,2015/5/26,0
1521,2015/5/27,0
1521,2015/5/28,0
1521,2015/5/29,0
1521,2015/5/30,0
2001,2015/5/1,0
2001,2015/5/2,0
2001,2015/5/3,0
2001,2015/5/4,0
2001,2015/5/5,0
2001,2015/5/6,1
2001,2015/5/7,0
2001,2015/5/8,0
2001,2015/5/9,0
2001,2015/5/10,0
2001,2015/5/11,0
2001,2015/5/12,0
2001,2015/5/13,1
2001,2015/5/14,0
2001,2015/5/15,0
2001,2015/5/16,0
2001,2015/5/17,0
2001,2015/5/18,0
2001,2015/5/19,0
2001,2015/5/20,1
2001,2015/5/21,0
2001,2015/5/22,0
2001,2015/5/23,0
2001,2015/5/24,0
2001,2015/5/25,0
2001,2015/5/26,0
2001,2015/5/27,1
2001,2015/5/28,0
2001,2015/5/29,0
2001,2015/5/30,0
2002,2015/5/1,1
2002,2015/5/2,1
2002,2015/5/3,1
2002,2015/5/4,1
2002,2015/5/5,1
2002,2015/5/6,1
2002,2015/5/7,1
2002,2015/5/8,1
2002,2015/5/9,0
2002,2015/5/10,1
2002,2015/5/11,1
2002,2015/5/12,1
2002,2015/5/13,1
2002,2015/5/14,1
2002,2015/5/15,1
2002,2015/5/16,0
2002,2015/5/17,1
2002,2015/5/18,1
2002,2015/5/19,1
2002,2015/5/20,1
2002,2015/5/21,1
2002,2015/5/22,1
2002,2015/5/23,0
2002,2015/5/24,1
2002,2015/5/25,1
2002,2015/5/26,1
2002,2015/5/27,1
2002,2015/5/28,1
2002,2015/5/29,1
2002,2015/5/30,0
2003,2015/5/1,0
2003,2015/5/2,0
2003,2015/5/3,0
2003,2015/5/4,0
2003,2015/5/5,0
2003,2015/5/6,0
2003,2015/5/7,0
2003,2015/5/8,0
2003,2015/5/9,0
2003,2015/5/10,0
2003,2015/5/11,0
2003,2015/5/12,0
2003,2015/5/13,0
2003,2015/5/14,0
2003,2015/5/15,0
2003,2015/5/16,0
2003,2015/5/17,0
2003,2015/5/18,0
2003,2015/5/19,0
2003,2015/5/20,0
2003,2015/5/21,0
2003,2015/5/22,0
2003,2015/5/23,0
2003,2015/5/24,0
2003,2015/5/25,0
2003,2015/5/26,0
2003,2015/5/27,0
2003,2015/5/28,0
2003,2015/5/29,0
2003,2015/5/30,0
2004,2015/5/1,0
2004,2015/5/2,0
2004,2015/5/3,0
2004,2015/5/4,0
2004,2015/5/5,0
2004,2015/5/6,0
2004,2015/5/7,0
2004,2015/5/8,0
2004,2015/5/9,0
2004,2015/5/10,0
2004,2015/5/11,0
2004,2015/5/12,0
2004,2015/5/13,0
2004,2015/5/14,0
2004,2015/5/15,0
2004,2015/5/16,0
2004,2015/5/17,0
2004,2015/5/18,0
2004,2015/5/19,0
2004,2015/5/20,0
2004,2015/5/21,0
2004,2015/5/22,0
2004,2015/5/23,0
2004,2015/5/24,0
2004,2015/5/25,0
2004,2015/5/26,0
2004,2015/5/27,0
2004,2015/5/28,0
2004,2015/5/29,0
2004,2015/5/30,0
2005,2015/5/1,1
2005,2015/5/2,1
2005,2015/5/3,1
2005,2015/5/4,0
2005,2015/5/5,1
2005,2015/5/6,1
2005,2015/5/7,1
2005,2015/5/8,1
2005,2015/5/9,1
2005,2015/5/10,1
2005,2015/5/11,1
2005,2015/5/12,1
2005,2015/5/13,1
2005,2015/5/14,1
2005,2015/5/15,1
2005,2015/5/16,1
2005,2015/5/17,1
2005,2015/5/18,1
2005,2015/5/19,1
2005,2015/5/20,1
2005,2015/5/21,1
2005,2015/5/22,1
2005,2015/5/23,1
2005,2015/5/24,1
2005,2015/5/25,1
2005,2015/5/26,1
2005,2015/5/27,1
2005,2015/5/28,1
2005,2015/5/29,1
2005,2015/5/30,1
2006,2015/5/1,0
2006,2015/5/2,0
2006,2015/5/3,0
2006,2015/5/4,0
2006,2015/5/5,1
2006,2015/5/6,1
2006,2015/5/7,1
2006,2015/5/8,0
2006,2015/5/9,0
2006,2015/5/10,0
2006,2015/5/11,1
2006,2015/5/12,1
2006,2015/5/13,1
2006,2015/5/14,1
2006,2015/5/15,0
2006,2015/5/16,0
2006,2015/5/17,0
2006,2015/5/18,0
2006,2015/5/19,1
2006,2015/5/20,1
2006,2015/5/21,1
2006,2015/5/22,0
2006,2015/5/23,0
2006,2015/5/24,0
2006,2015/5/25,0
2006,2015/5/26,1
2006,2015/5/27,1
2006,2015/5/28,0
2006,2015/5/29,0
2006,2015/5/30,0
2007,2015/5/1,3
2007,2015/5/2,1
2007,2015/5/3,1
2007,2015/5/4,0
2007,2015/5/5,0
2007,2015/5/6,1
2007,2015/5/7,0
2007,2015/5/8,0
2007,2015/5/9,0
2007,2015/5/10,0
2007,2015/5/11,0
2007,2015/5/12,0
2007,2015/5/13,1
2007,2015/5/14,0
2007,2015/5/15,0
2007,2015/5/16,0
2007,2015/5/17,0
2007,2015/5/18,0
2007,2015/5/19,0
2007,2015/5/20,1
2007,2015/5/21,0
2007,2015/5/22,0
2007,2015/5/23,0
2007,2015/5/24,0
2007,2015/5/25,0
2007,2015/5/26,0
2007,2015/5/27,0
2007,2015/5/28,0
2007,2015/5/29,0
2007,2015/5/30,0
2008,2015/5/1,0
2008,2015/5/2,0
2008,2015/5/3,0
2008,2015/5/4,0
2008,2015/5/5,0
2008,2015/5/6,0
2008,2015/5/7,0
2008,2015/5/8,0
2008,2015/5/9,0
2008,2015/5/10,0
2008,2015/5/11,0
2008,2015/5/12,0
2008,2015/5/13,0
2008,2015/5/14,0
2008,2015/5/15,0
2008,2015/5/16,0
2008,2015/5/17,0
2008,2015/5/18,0
2008,2015/5/19,0
2008,2015/5/20,0
2008,2015/5/21,0
2008,2015/5/22,0
2008,2015/5/23,0
2008,2015/5/24,0
2008,2015/5/25,0
2008,2015/5/26,0
2008,2015/5/27,0
2008,2015/5/28,0
2008,2015/5/29,0
2008,2015/5/30,0
2009,2015/5/1,0
2009,2015/5/2,0
2009,2015/5/3,0
2009,2015/5/4,0
2009,2015/5/5,0
2009,2015/5/6,0
2009,2015/5/7,0
2009,2015/5/8,0
2009,2015/5/9,0
2009,2015/5/10,0
2009,2015/5/11,0
2009,2015/5/12,0
2009,2015/5/13,0
2009,2015/5/14,0
2009,2015/5/15,0
2009,2015/5/16,0
2009,2015/5/17,0
2009,2015/5/18,0
2009,2015/5/19,0
2009,2015/5/20,0
2009,2015/5/21,0
2009,2015/5/22,0
2009,2015/5/23,0
2009,2015/5/24,0
2009,2015/5/25,0
2009,2015/5/26,0
2009,2015/5/27,0
2009,2015/5/28,0
2009,2015/5/29,0
2009,2015/5/30,0
2010,2015/5/1,0
2010,2015/5/2,0
2010,2015/5/3,0
2010,2015/5/4,0
2010,2015/5/5,1
2010,2015/5/6,1
2010,2015/5/7,1
2010,2015/5/8,1
2010,2015/5/9,1
2010,2015/5/10,0
2010,2015/5/11,1
2010,2015/5/12,1
2010,2015/5/13,1
2010,2015/5/14,1
2010,2015/5/15,0
2010,2015/5/16,1
2010,2015/5/17,0
2010,2015/5/18,1
2010,2015/5/19,1
2010,2015/5/20,1
2010,2015/5/21,1
2010,2015/5/22,0
2010,2015/5/23,1
2010,2015/5/24,0
2010,2015/5/25,1
2010,2015/5/26,1
2010,2015/5/27,1
2010,2015/5/28,1
2010,2015/5/29,0
2010,2015/5/30,1
2011,2015/5/1,1
2011,2015/5/2,1
2011,2015/5/3,1
2011,2015/5/4,2
2011,2015/5/5,2
2011,2015/5/6,4
2011,2015/5/7,2
2011,2015/5/8,2
2011,2015/5/9,2
2011,2015/5/10,1
2011,2015/5/11,2
2011,2015/5/12,2
2011,2015/5/13,4
2011,2015/5/14,3
2011,2015/5/15,2
2011,2015/5/16,2
2011,2015/5/17,2
2011,2015/5/18,2
2011,2015/5/19,2
2011,2015/5/20,4
2011,2015/5/21,3
2011,2015/5/22,2
2011,2015/5/23,2
2011,2015/5/24,2
2011,2015/5/25,2
2011,2015/5/26,3
2011,2015/5/27,5
2011,2015/5/28,3
2011,2015/5/29,2
2011,2015/5/30,2
2012,2015/5/1,0
2012,2015/5/2,0
2012,2015/5/3,0
2012,2015/5/4,0
2012,2015/5/5,0
2012,2015/5/6,0
2012,2015/5/7,0
2012,2015/5/8,0
2012,2015/5/9,0
2012,2015/5/10,0
2012,2015/5/11,0
2012,2015/5/12,0
2012,2015/5/13,0
2012,2015/5/14,0
2012,2015/5/15,0
2012,2015/5/16,0
2012,2015/5/17,0
2012,2015/5/18,0
2012,2015/5/19,0
2012,2015/5/20,0
2012,2015/5/21,0
2012,2015/5/22,0
2012,2015/5/23,0
2012,2015/5/24,0
2012,2015/5/25,0
2012,2015/5/26,0
2012,2015/5/27,0
2012,2015/5/28,0
2012,2015/5/29,0
2012,2015/5/30,0
2013,2015/5/1,1
2013,2015/5/2,1
2013,2015/5/3,0
2013,2015/5/4,1
2013,2015/5/5,1
2013,2015/5/6,1
2013,2015/5/7,1
2013,2015/5/8,1
2013,2015/5/9,1
2013,2015/5/10,1
2013,2015/5/11,1
2013,2015/5/12,1
2013,2015/5/13,1
2013,2015/5/14,1
2013,2015/5/15,1
2013,2015/5/16,1
2013,2015/5/17,1
2013,2015/5/18,1
2013,2015/5/19,1
2013,2015/5/20,1
2013,2015/5/21,1
2013,2015/5/22,1
2013,2015/5/23,1
2013,2015/5/24,1
2013,2015/5/25,1
2013,2015/5/26,1
2013,2015/5/27,1
2013,2015/5/28,1
2013,2015/5/29,1
2013,2015/5/30,1
2014,2015/5/1,1
2014,2015/5/2,1
2014,2015/5/3,1
2014,2015/5/4,0
2014,2015/5/5,0
2014,2015/5/6,1
2014,2015/5/7,1
2014,2015/5/8,0
2014,2015/5/9,1
2014,2015/5/10,0
2014,2015/5/11,0
2014,2015/5/12,0
2014,2015/5/13,1
2014,2015/5/14,1
2014,2015/5/15,0
2014,2015/5/16,1
2014,2015/5/17,0
2014,2015/5/18,0
2014,2015/5/19,0
2014,2015/5/20,1
2014,2015/5/21,1
2014,2015/5/22,0
2014,2015/5/23,1
2014,2015/5/24,0
2014,2015/5/25,0
2014,2015/5/26,0
2014,2015/5/27,1
2014,2015/5/28,1
2014,2015/5/29,0
2014,2015/5/30,1
2015,2015/5/1,1
2015,2015/5/2,0
2015,2015/5/3,0
2015,2015/5/4,0
2015,2015/5/5,1
2015,2015/5/6,1
2015,2015/5/7,1
2015,2015/5/8,1
2015,2015/5/9,1
2015,2015/5/10,1
2015,2015/5/11,1
2015,2015/5/12,1
2015,2015/5/13,1
2015,2015/5/14,1
2015,2015/5/15,1
2015,2015/5/16,1
2015,2015/5/17,1
2015,2015/5/18,1
2015,2015/5/19,1
2015,2015/5/20,1
2015,2015/5/21,1
2015,2015/5/22,1
2015,2015/5/23,1
2015,2015/5/24,1
2015,2015/5/25,1
2015,2015/5/26,1
2015,2015/5/27,1
2015,2015/5/28,1
2015,2015/5/29,1
2015,2015/5/30,1
2101,2015/5/1,0
2101,2015/5/2,0
2101,2015/5/3,0
2101,2015/5/4,0
2101,2015/5/5,0
2101,2015/5/6,0
2101,2015/5/7,0
2101,2015/5/8,0
2101,2015/5/9,0
2101,2015/5/10,0
2101,2015/5/11,0
2101,2015/5/12,0
2101,2015/5/13,0
2101,2015/5/14,0
2101,2015/5/15,0
2101,2015/5/16,0
2101,2015/5/17,0
2101,2015/5/18,0
2101,2015/5/19,0
2101,2015/5/20,0
2101,2015/5/21,0
2101,2015/5/22,0
2101,2015/5/23,0
2101,2015/5/24,0
2101,2015/5/25,0
2101,2015/5/26,0
2101,2015/5/27,0
2101,2015/5/28,0
2101,2015/5/29,0
2101,2015/5/30,0
2102,2015/5/1,0
2102,2015/5/2,0
2102,2015/5/3,0
2102,2015/5/4,0
2102,2015/5/5,0
2102,2015/5/6,0
2102,2015/5/7,0
2102,2015/5/8,0
2102,2015/5/9,0
2102,2015/5/10,0
2102,2015/5/11,0
2102,2015/5/12,0
2102,2015/5/13,0
2102,2015/5/14,0
2102,2015/5/15,0
2102,2015/5/16,0
2102,2015/5/17,0
2102,2015/5/18,0
2102,2015/5/19,0
2102,2015/5/20,0
2102,2015/5/21,0
2102,2015/5/22,0
2102,2015/5/23,0
2102,2015/5/24,0
2102,2015/5/25,0
2102,2015/5/26,0
2102,2015/5/27,0
2102,2015/5/28,0
2102,2015/5/29,0
2102,2015/5/30,0
2103,2015/5/1,0
2103,2015/5/2,0
2103,2015/5/3,0
2103,2015/5/4,0
2103,2015/5/5,0
2103,2015/5/6,0
2103,2015/5/7,0
2103,2015/5/8,0
2103,2015/5/9,0
2103,2015/5/10,0
2103,2015/5/11,0
2103,2015/5/12,0
2103,2015/5/13,0
2103,2015/5/14,0
2103,2015/5/15,0
2103,2015/5/16,0
2103,2015/5/17,0
2103,2015/5/18,0
2103,2015/5/19,0
2103,2015/5/20,0
2103,2015/5/21,0
2103,2015/5/22,0
2103,2015/5/23,0
2103,2015/5/24,0
2103,2015/5/25,0
2103,2015/5/26,0
2103,2015/5/27,0
2103,2015/5/28,0
2103,2015/5/29,0
2103,2015/5/30,0
2104,2015/5/1,0
2104,2015/5/2,0
2104,2015/5/3,0
2104,2015/5/4,0
2104,2015/5/5,0
2104,2015/5/6,1
2104,2015/5/7,0
2104,2015/5/8,0
2104,2015/5/9,0
2104,2015/5/10,1
2104,2015/5/11,1
2104,2015/5/12,0
2104,2015/5/13,1
2104,2015/5/14,0
2104,2015/5/15,0
2104,2015/5/16,0
2104,2015/5/17,1
2104,2015/5/18,1
2104,2015/5/19,0
2104,2015/5/20,1
2104,2015/5/21,0
2104,2015/5/22,0
2104,2015/5/23,0
2104,2015/5/24,1
2104,2015/5/25,1
2104,2015/5/26,0
2104,2015/5/27,1
2104,2015/5/28,0
2104,2015/5/29,0
2104,2015/5/30,0
2105,2015/5/1,0
2105,2015/5/2,0
2105,2015/5/3,0
2105,2015/5/4,0
2105,2015/5/5,1
2105,2015/5/6,1
2105,2015/5/7,0
2105,2015/5/8,0
2105,2015/5/9,0
2105,2015/5/10,0
2105,2015/5/11,0
2105,2015/5/12,0
2105,2015/5/13,0
2105,2015/5/14,0
2105,2015/5/15,0
2105,2015/5/16,0
2105,2015/5/17,0
2105,2015/5/18,0
2105,2015/5/19,0
2105,2015/5/20,0
2105,2015/5/21,0
2105,2015/5/22,0
2105,2015/5/23,0
2105,2015/5/24,0
2105,2015/5/25,0
2105,2015/5/26,0
2105,2015/5/27,0
2105,2015/5/28,0
2105,2015/5/29,0
2105,2015/5/30,0
2106,2015/5/1,1
2106,2015/5/2,0
2106,2015/5/3,0
2106,2015/5/4,0
2106,2015/5/5,1
2106,2015/5/6,1
2106,2015/5/7,0
2106,2015/5/8,0
2106,2015/5/9,0
2106,2015/5/10,0
2106,2015/5/11,1
2106,2015/5/12,1
2106,2015/5/13,1
2106,2015/5/14,0
2106,2015/5/15,0
2106,2015/5/16,0
2106,2015/5/17,0
2106,2015/5/18,1
2106,2015/5/19,1
2106,2015/5/20,1
2106,2015/5/21,0
2106,2015/5/22,0
2106,2015/5/23,0
2106,2015/5/24,0
2106,2015/5/25,1
2106,2015/5/26,1
2106,2015/5/27,1
2106,2015/5/28,0
2106,2015/5/29,0
2106,2015/5/30,0
2107,2015/5/1,0
2107,2015/5/2,0
2107,2015/5/3,0
2107,2015/5/4,0
2107,2015/5/5,0
2107,2015/5/6,0
2107,2015/5/7,0
2107,2015/5/8,0
2107,2015/5/9,0
2107,2015/5/10,0
2107,2015/5/11,0
2107,2015/5/12,0
2107,2015/5/13,0
2107,2015/5/14,0
2107,2015/5/15,0
2107,2015/5/16,0
2107,2015/5/17,0
2107,2015/5/18,0
2107,2015/5/19,0
2107,2015/5/20,0
2107,2015/5/21,0
2107,2015/5/22,0
2107,2015/5/23,0
2107,2015/5/24,0
2107,2015/5/25,0
2107,2015/5/26,0
2107,2015/5/27,0
2107,2015/5/28,0
2107,2015/5/29,0
2107,2015/5/30,0
2108,2015/5/1,0
2108,2015/5/2,0
2108,2015/5/3,0
2108,2015/5/4,0
2108,2015/5/5,0
2108,2015/5/6,0
2108,2015/5/7,0
2108,2015/5/8,0
2108,2015/5/9,0
2108,2015/5/10,0
2108,2015/5/11,0
2108,2015/5/12,0
2108,2015/5/13,0
2108,2015/5/14,0
2108,2015/5/15,0
2108,2015/5/16,0
2108,2015/5/17,0
2108,2015/5/18,0
2108,2015/5/19,0
2108,2015/5/20,0
2108,2015/5/21,0
2108,2015/5/22,0
2108,2015/5/23,0
2108,2015/5/24,0
2108,2015/5/25,0
2108,2015/5/26,0
2108,2015/5/27,0
2108,2015/5/28,0
2108,2015/5/29,0
2108,2015/5/30,0
2201,2015/5/1,1
2201,2015/5/2,2
2201,2015/5/3,2
2201,2015/5/4,1
2201,2015/5/5,2
2201,2015/5/6,3
2201,2015/5/7,1
2201,2015/5/8,1
2201,2015/5/9,2
2201,2015/5/10,1
2201,2015/5/11,1
2201,2015/5/12,2
2201,2015/5/13,3
2201,2015/5/14,1
2201,2015/5/15,1
2201,2015/5/16,2
2201,2015/5/17,1
2201,2015/5/18,1
2201,2015/5/19,2
2201,2015/5/20,3
2201,2015/5/21,1
2201,2015/5/22,1
2201,2015/5/23,2
2201,2015/5/24,1
2201,2015/5/25,1
2201,2015/5/26,2
2201,2015/5/27,3
2201,2015/5/28,1
2201,2015/5/29,1
2201,2015/5/30,2
2202,2015/5/1,13
2202,2015/5/2,4
2202,2015/5/3,5
2202,2015/5/4,0
2202,2015/5/5,10
2202,2015/5/6,15
2202,2015/5/7,8
2202,2015/5/8,8
2202,2015/5/9,9
2202,2015/5/10,10
2202,2015/5/11,9
2202,2015/5/12,10
2202,2015/5/13,15
2202,2015/5/14,9
2202,2015/5/15,8
2202,2015/5/16,9
2202,2015/5/17,10
2202,2015/5/18,9
2202,2015/5/19,10
2202,2015/5/20,15
2202,2015/5/21,9
2202,2015/5/22,9
2202,2015/5/23,9
2202,2015/5/24,10
2202,2015/5/25,9
2202,2015/5/26,10
2202,2015/5/27,15
2202,2015/5/28,9
2202,2015/5/29,9
2202,2015/5/30,10
2203,2015/5/1,3
2203,2015/5/2,2
2203,2015/5/3,2
2203,2015/5/4,0
2203,2015/5/5,1
2203,2015/5/6,2
2203,2015/5/7,1
2203,2015/5/8,1
2203,2015/5/9,1
2203,2015/5/10,1
2203,2015/5/11,1
2203,2015/5/12,1
2203,2015/5/13,2
2203,2015/5/14,1
2203,2015/5/15,1
2203,2015/5/16,1
2203,2015/5/17,1
2203,2015/5/18,1
2203,2015/5/19,0
2203,2015/5/20,2
2203,2015/5/21,1
2203,2015/5/22,1
2203,2015/5/23,1
2203,2015/5/24,1
2203,2015/5/25,1
2203,2015/5/26,0
2203,2015/5/27,2
2203,2015/5/28,1
2203,2015/5/29,1
2203,2015/5/30,1
2204,2015/5/1,1
2204,2015/5/2,1
2204,2015/5/3,1
2204,2015/5/4,3
2204,2015/5/5,1
2204,2015/5/6,4
2204,2015/5/7,1
2204,2015/5/8,2
2204,2015/5/9,2
2204,2015/5/10,1
2204,2015/5/11,2
2204,2015/5/12,1
2204,2015/5/13,4
2204,2015/5/14,1
2204,2015/5/15,2
2204,2015/5/16,2
2204,2015/5/17,1
2204,2015/5/18,2
2204,2015/5/19,2
2204,2015/5/20,4
2204,2015/5/21,1
2204,2015/5/22,2
2204,2015/5/23,2
2204,2015/5/24,1
2204,2015/5/25,2
2204,2015/5/26,2
2204,2015/5/27,4
2204,2015/5/28,1
2204,2015/5/29,2
2204,2015/5/30,2
2205,2015/5/1,5
2205,2015/5/2,0
2205,2015/5/3,1
2205,2015/5/4,0
2205,2015/5/5,3
2205,2015/5/6,5
2205,2015/5/7,1
2205,2015/5/8,3
2205,2015/5/9,1
2205,2015/5/10,2
2205,2015/5/11,2
2205,2015/5/12,3
2205,2015/5/13,5
2205,2015/5/14,1
2205,2015/5/15,3
2205,2015/5/16,1
2205,2015/5/17,2
2205,2015/5/18,2
2205,2015/5/19,2
2205,2015/5/20,5
2205,2015/5/21,1
2205,2015/5/22,3
2205,2015/5/23,1
2205,2015/5/24,2
2205,2015/5/25,2
2205,2015/5/26,2
2205,2015/5/27,4
2205,2015/5/28,1
2205,2015/5/29,3
2205,2015/5/30,1
2206,2015/5/1,1
2206,2015/5/2,0
2206,2015/5/3,0
2206,2015/5/4,1
2206,2015/5/5,1
2206,2015/5/6,1
2206,2015/5/7,1
2206,2015/5/8,1
2206,2015/5/9,1
2206,2015/5/10,1
2206,2015/5/11,1
2206,2015/5/12,1
2206,2015/5/13,1
2206,2015/5/14,1
2206,2015/5/15,1
2206,2015/5/16,1
2206,2015/5/17,1
2206,2015/5/18,1
2206,2015/5/19,1
2206,2015/5/20,1
2206,2015/5/21,1
2206,2015/5/22,1
2206,2015/5/23,1
2206,2015/5/24,1
2206,2015/5/25,1
2206,2015/5/26,1
2206,2015/5/27,1
2206,2015/5/28,1
2206,2015/5/29,1
2206,2015/5/30,1
2207,2015/5/1,1
2207,2015/5/2,0
2207,2015/5/3,0
2207,2015/5/4,0
2207,2015/5/5,1
2207,2015/5/6,1
2207,2015/5/7,0
2207,2015/5/8,0
2207,2015/5/9,0
2207,2015/5/10,0
2207,2015/5/11,0
2207,2015/5/12,1
2207,2015/5/13,1
2207,2015/5/14,0
2207,2015/5/15,0
2207,2015/5/16,0
2207,2015/5/17,0
2207,2015/5/18,0
2207,2015/5/19,1
2207,2015/5/20,1
2207,2015/5/21,0
2207,2015/5/22,0
2207,2015/5/23,0
2207,2015/5/24,0
2207,2015/5/25,0
2207,2015/5/26,1
2207,2015/5/27,1
2207,2015/5/28,0
2207,2015/5/29,0
2207,2015/5/30,0
2208,2015/5/1,0
2208,2015/5/2,1
2208,2015/5/3,0
2208,2015/5/4,0
2208,2015/5/5,1
2208,2015/5/6,1
2208,2015/5/7,0
2208,2015/5/8,1
2208,2015/5/9,1
2208,2015/5/10,0
2208,2015/5/11,0
2208,2015/5/12,1
2208,2015/5/13,1
2208,2015/5/14,0
2208,2015/5/15,1
2208,2015/5/16,1
2208,2015/5/17,0
2208,2015/5/18,0
2208,2015/5/19,1
2208,2015/5/20,1
2208,2015/5/21,0
2208,2015/5/22,1
2208,2015/5/23,1
2208,2015/5/24,1
2208,2015/5/25,0
2208,2015/5/26,1
2208,2015/5/27,1
2208,2015/5/28,0
2208,2015/5/29,1
2208,2015/5/30,1
2209,2015/5/1,0
2209,2015/5/2,0
2209,2015/5/3,0
2209,2015/5/4,0
2209,2015/5/5,0
2209,2015/5/6,0
2209,2015/5/7,0
2209,2015/5/8,0
2209,2015/5/9,0
2209,2015/5/10,0
2209,2015/5/11,0
2209,2015/5/12,0
2209,2015/5/13,0
2209,2015/5/14,0
2209,2015/5/15,0
2209,2015/5/16,0
2209,2015/5/17,0
2209,2015/5/18,0
2209,2015/5/19,0
2209,2015/5/20,0
2209,2015/5/21,0
2209,2015/5/22,0
2209,2015/5/23,0
2209,2015/5/24,0
2209,2015/5/25,0
2209,2015/5/26,0
2209,2015/5/27,0
2209,2015/5/28,0
2209,2015/5/29,0
2209,2015/5/30,0
2210,2015/5/1,1
2210,2015/5/2,0
2210,2015/5/3,0
2210,2015/5/4,1
2210,2015/5/5,1
2210,2015/5/6,1
2210,2015/5/7,1
2210,2015/5/8,1
2210,2015/5/9,1
2210,2015/5/10,1
2210,2015/5/11,1
2210,2015/5/12,1
2210,2015/5/13,1
2210,2015/5/14,1
2210,2015/5/15,1
2210,2015/5/16,1
2210,2015/5/17,1
2210,2015/5/18,1
2210,2015/5/19,1
2210,2015/5/20,1
2210,2015/5/21,1
2210,2015/5/22,1
2210,2015/5/23,1
2210,2015/5/24,1
2210,2015/5/25,1
2210,2015/5/26,1
2210,2015/5/27,1
2210,2015/5/28,1
2210,2015/5/29,1
2210,2015/5/30,1
2211,2015/5/1,0
2211,2015/5/2,0
2211,2015/5/3,0
2211,2015/5/4,0
2211,2015/5/5,0
2211,2015/5/6,0
2211,2015/5/7,0
2211,2015/5/8,0
2211,2015/5/9,0
2211,2015/5/10,0
2211,2015/5/11,0
2211,2015/5/12,0
2211,2015/5/13,0
2211,2015/5/14,0
2211,2015/5/15,0
2211,2015/5/16,0
2211,2015/5/17,0
2211,2015/5/18,0
2211,2015/5/19,0
2211,2015/5/20,0
2211,2015/5/21,0
2211,2015/5/22,0
2211,2015/5/23,0
2211,2015/5/24,0
2211,2015/5/25,0
2211,2015/5/26,0
2211,2015/5/27,0
2211,2015/5/28,0
2211,2015/5/29,0
2211,2015/5/30,0
2212,2015/5/1,1
2212,2015/5/2,0
2212,2015/5/3,0
2212,2015/5/4,0
2212,2015/5/5,0
2212,2015/5/6,0
2212,2015/5/7,0
2212,2015/5/8,0
2212,2015/5/9,0
2212,2015/5/10,0
2212,2015/5/11,0
2212,2015/5/12,0
2212,2015/5/13,0
2212,2015/5/14,0
2212,2015/5/15,0
2212,2015/5/16,0
2212,2015/5/17,0
2212,2015/5/18,0
2212,2015/5/19,0
2212,2015/5/20,0
2212,2015/5/21,0
2212,2015/5/22,0
2212,2015/5/23,0
2212,2015/5/24,0
2212,2015/5/25,0
2212,2015/5/26,0
2212,2015/5/27,0
2212,2015/5/28,0
2212,2015/5/29,0
2212,2015/5/30,0
2301,2015/5/1,1
2301,2015/5/2,0
2301,2015/5/3,0
2301,2015/5/4,0
2301,2015/5/5,0
2301,2015/5/6,0
2301,2015/5/7,0
2301,2015/5/8,0
2301,2015/5/9,0
2301,2015/5/10,0
2301,2015/5/11,0
2301,2015/5/12,0
2301,2015/5/13,0
2301,2015/5/14,0
2301,2015/5/15,0
2301,2015/5/16,0
2301,2015/5/17,0
2301,2015/5/18,0
2301,2015/5/19,0
2301,2015/5/20,0
2301,2015/5/21,0
2301,2015/5/22,0
2301,2015/5/23,0
2301,2015/5/24,0
2301,2015/5/25,0
2301,2015/5/26,0
2301,2015/5/27,0
2301,2015/5/28,0
2301,2015/5/29,0
2301,2015/5/30,0
2302,2015/5/1,2
2302,2015/5/2,1
2302,2015/5/3,1
2302,2015/5/4,0
2302,2015/5/5,1
2302,2015/5/6,1
2302,2015/5/7,1
2302,2015/5/8,1
2302,2015/5/9,1
2302,2015/5/10,1
2302,2015/5/11,1
2302,2015/5/12,1
2302,2015/5/13,1
2302,2015/5/14,1
2302,2015/5/15,1
2302,2015/5/16,1
2302,2015/5/17,1
2302,2015/5/18,1
2302,2015/5/19,1
2302,2015/5/20,1
2302,2015/5/21,1
2302,2015/5/22,1
2302,2015/5/23,1
2302,2015/5/24,1
2302,2015/5/25,1
2302,2015/5/26,1
2302,2015/5/27,1
2302,2015/5/28,1
2302,2015/5/29,1
2302,2015/5/30,1
2303,2015/5/1,0
2303,2015/5/2,0
2303,2015/5/3,0
2303,2015/5/4,0
2303,2015/5/5,0
2303,2015/5/6,0
2303,2015/5/7,0
2303,2015/5/8,0
2303,2015/5/9,0
2303,2015/5/10,0
2303,2015/5/11,0
2303,2015/5/12,0
2303,2015/5/13,0
2303,2015/5/14,0
2303,2015/5/15,0
2303,2015/5/16,0
2303,2015/5/17,0
2303,2015/5/18,0
2303,2015/5/19,0
2303,2015/5/20,0
2303,2015/5/21,0
2303,2015/5/22,0
2303,2015/5/23,0
2303,2015/5/24,0
2303,2015/5/25,0
2303,2015/5/26,0
2303,2015/5/27,0
2303,2015/5/28,0
2303,2015/5/29,0
2303,2015/5/30,0
2304,2015/5/1,0
2304,2015/5/2,0
2304,2015/5/3,0
2304,2015/5/4,0
2304,2015/5/5,0
2304,2015/5/6,0
2304,2015/5/7,0
2304,2015/5/8,0
2304,2015/5/9,0
2304,2015/5/10,0
2304,2015/5/11,0
2304,2015/5/12,0
2304,2015/5/13,0
2304,2015/5/14,0
2304,2015/5/15,0
2304,2015/5/16,0
2304,2015/5/17,0
2304,2015/5/18,0
2304,2015/5/19,0
2304,2015/5/20,0
2304,2015/5/21,0
2304,2015/5/22,0
2304,2015/5/23,0
2304,2015/5/24,0
2304,2015/5/25,0
2304,2015/5/26,0
2304,2015/5/27,0
2304,2015/5/28,0
2304,2015/5/29,0
2304,2015/5/30,0
2305,2015/5/1,0
2305,2015/5/2,0
2305,2015/5/3,0
2305,2015/5/4,0
2305,2015/5/5,0
2305,2015/5/6,0
2305,2015/5/7,0
2305,2015/5/8,0
2305,2015/5/9,0
2305,2015/5/10,0
2305,2015/5/11,0
2305,2015/5/12,0
2305,2015/5/13,0
2305,2015/5/14,0
2305,2015/5/15,0
2305,2015/5/16,0
2305,2015/5/17,0
2305,2015/5/18,0
2305,2015/5/19,0
2305,2015/5/20,0
2305,2015/5/21,0
2305,2015/5/22,0
2305,2015/5/23,0
2305,2015/5/24,0
2305,2015/5/25,0
2305,2015/5/26,0
2305,2015/5/27,0
2305,2015/5/28,0
2305,2015/5/29,0
2305,2015/5/30,0
2306,2015/5/1,1
2306,2015/5/2,1
2306,2015/5/3,1
2306,2015/5/4,0
2306,2015/5/5,1
2306,2015/5/6,1
2306,2015/5/7,0
2306,2015/5/8,1
2306,2015/5/9,1
2306,2015/5/10,1
2306,2015/5/11,0
2306,2015/5/12,1
2306,2015/5/13,1
2306,2015/5/14,0
2306,2015/5/15,1
2306,2015/5/16,1
2306,2015/5/17,1
2306,2015/5/18,1
2306,2015/5/19,1
2306,2015/5/20,1
2306,2015/5/21,0
2306,2015/5/22,1
2306,2015/5/23,1
2306,2015/5/24,1
2306,2015/5/25,1
2306,2015/5/26,1
2306,2015/5/27,1
2306,2015/5/28,0
2306,2015/5/29,1
2306,2015/5/30,1
2307,2015/5/1,1
2307,2015/5/2,1
2307,2015/5/3,0
2307,2015/5/4,0
2307,2015/5/5,0
2307,2015/5/6,1
2307,2015/5/7,0
2307,2015/5/8,0
2307,2015/5/9,1
2307,2015/5/10,0
2307,2015/5/11,0
2307,2015/5/12,0
2307,2015/5/13,1
2307,2015/5/14,0
2307,2015/5/15,0
2307,2015/5/16,1
2307,2015/5/17,0
2307,2015/5/18,0
2307,2015/5/19,0
2307,2015/5/20,1
2307,2015/5/21,0
2307,2015/5/22,0
2307,2015/5/23,1
2307,2015/5/24,0
2307,2015/5/25,0
2307,2015/5/26,0
2307,2015/5/27,1
2307,2015/5/28,0
2307,2015/5/29,0
2307,2015/5/30,1
2308,2015/5/1,0
2308,2015/5/2,0
2308,2015/5/3,0
2308,2015/5/4,0
2308,2015/5/5,0
2308,2015/5/6,0
2308,2015/5/7,0
2308,2015/5/8,0
2308,2015/5/9,0
2308,2015/5/10,0
2308,2015/5/11,0
2308,2015/5/12,0
2308,2015/5/13,0
2308,2015/5/14,0
2308,2015/5/15,0
2308,2015/5/16,0
2308,2015/5/17,0
2308,2015/5/18,0
2308,2015/5/19,0
2308,2015/5/20,0
2308,2015/5/21,0
2308,2015/5/22,0
2308,2015/5/23,0
2308,2015/5/24,0
2308,2015/5/25,0
2308,2015/5/26,0
2308,2015/5/27,0
2308,2015/5/28,0
2308,2015/5/29,0
2308,2015/5/30,0
2309,2015/5/1,1
2309,2015/5/2,1
2309,2015/5/3,1
2309,2015/5/4,1
2309,2015/5/5,1
2309,2015/5/6,1
2309,2015/5/7,1
2309,2015/5/8,1
2309,2015/5/9,1
2309,2015/5/10,1
2309,2015/5/11,1
2309,2015/5/12,1
2309,2015/5/13,1
2309,2015/5/14,1
2309,2015/5/15,1
2309,2015/5/16,1
2309,2015/5/17,1
2309,2015/5/18,1
2309,2015/5/19,1
2309,2015/5/20,1
2309,2015/5/21,1
2309,2015/5/22,1
2309,2015/5/23,1
2309,2015/5/24,1
2309,2015/5/25,1
2309,2015/5/26,1
2309,2015/5/27,1
2309,2015/5/28,1
2309,2015/5/29,1
2309,2015/5/30,1
2310,2015/5/1,0
2310,2015/5/2,0
2310,2015/5/3,0
2310,2015/5/4,0
2310,2015/5/5,0
2310,2015/5/6,0
2310,2015/5/7,0
2310,2015/5/8,0
2310,2015/5/9,0
2310,2015/5/10,0
2310,2015/5/11,0
2310,2015/5/12,0
2310,2015/5/13,0
2310,2015/5/14,0
2310,2015/5/15,0
2310,2015/5/16,0
2310,2015/5/17,0
2310,2015/5/18,0
2310,2015/5/19,0
2310,2015/5/20,0
2310,2015/5/21,0
2310,2015/5/22,0
2310,2015/5/23,0
2310,2015/5/24,0
2310,2015/5/25,0
2310,2015/5/26,0
2310,2015/5/27,0
2310,2015/5/28,0
2310,2015/5/29,0
2310,2015/5/30,0
2311,2015/5/1,1
2311,2015/5/2,0
2311,2015/5/3,0
2311,2015/5/4,0
2311,2015/5/5,1
2311,2015/5/6,1
2311,2015/5/7,0
2311,2015/5/8,0
2311,2015/5/9,0
2311,2015/5/10,0
2311,2015/5/11,0
2311,2015/5/12,0
2311,2015/5/13,1
2311,2015/5/14,0
2311,2015/5/15,0
2311,2015/5/16,0
2311,2015/5/17,0
2311,2015/5/18,0
2311,2015/5/19,0
2311,2015/5/20,1
2311,2015/5/21,0
2311,2015/5/22,0
2311,2015/5/23,0
2311,2015/5/24,0
2311,2015/5/25,0
2311,2015/5/26,0
2311,2015/5/27,0
2311,2015/5/28,0
2311,2015/5/29,0
2311,2015/5/30,0
2312,2015/5/1,0
2312,2015/5/2,0
2312,2015/5/3,0
2312,2015/5/4,0
2312,2015/5/5,0
2312,2015/5/6,0
2312,2015/5/7,0
2312,2015/5/8,0
2312,2015/5/9,0
2312,2015/5/10,0
2312,2015/5/11,0
2312,2015/5/12,0
2312,2015/5/13,0
2312,2015/5/14,0
2312,2015/5/15,0
2312,2015/5/16,0
2312,2015/5/17,0
2312,2015/5/18,0
2312,2015/5/19,0
2312,2015/5/20,0
2312,2015/5/21,0
2312,2015/5/22,0
2312,2015/5/23,0
2312,2015/5/24,0
2312,2015/5/25,0
2312,2015/5/26,0
2312,2015/5/27,0
2312,2015/5/28,0
2312,2015/5/29,0
2312,2015/5/30,0
2313,2015/5/1,0
2313,2015/5/2,0
2313,2015/5/3,0
2313,2015/5/4,0
2313,2015/5/5,0
2313,2015/5/6,0
2313,2015/5/7,0
2313,2015/5/8,0
2313,2015/5/9,0
2313,2015/5/10,0
2313,2015/5/11,0
2313,2015/5/12,0
2313,2015/5/13,0
2313,2015/5/14,0
2313,2015/5/15,0
2313,2015/5/16,0
2313,2015/5/17,0
2313,2015/5/18,0
2313,2015/5/19,0
2313,2015/5/20,0
2313,2015/5/21,0
2313,2015/5/22,0
2313,2015/5/23,0
2313,2015/5/24,0
2313,2015/5/25,0
2313,2015/5/26,0
2313,2015/5/27,0
2313,2015/5/28,0
2313,2015/5/29,0
2313,2015/5/30,0
2314,2015/5/1,3
2314,2015/5/2,1
2314,2015/5/3,1
2314,2015/5/4,0
2314,2015/5/5,1
2314,2015/5/6,1
2314,2015/5/7,0
2314,2015/5/8,0
2314,2015/5/9,0
2314,2015/5/10,0
2314,2015/5/11,0
2314,2015/5/12,1
2314,2015/5/13,1
2314,2015/5/14,0
2314,2015/5/15,0
2314,2015/5/16,0
2314,2015/5/17,0
2314,2015/5/18,0
2314,2015/5/19,1
2314,2015/5/20,1
2314,2015/5/21,0
2314,2015/5/22,0
2314,2015/5/23,0
2314,2015/5/24,0
2314,2015/5/25,0
2314,2015/5/26,1
2314,2015/5/27,1
2314,2015/5/28,0
2314,2015/5/29,0
2314,2015/5/30,0
2315,2015/5/1,0
2315,2015/5/2,0
2315,2015/5/3,0
2315,2015/5/4,0
2315,2015/5/5,0
2315,2015/5/6,0
2315,2015/5/7,0
2315,2015/5/8,0
2315,2015/5/9,0
2315,2015/5/10,0
2315,2015/5/11,0
2315,2015/5/12,0
2315,2015/5/13,0
2315,2015/5/14,0
2315,2015/5/15,0
2315,2015/5/16,0
2315,2015/5/17,0
2315,2015/5/18,0
2315,2015/5/19,0
2315,2015/5/20,0
2315,2015/5/21,0
2315,2015/5/22,0
2315,2015/5/23,0
2315,2015/5/24,0
2315,2015/5/25,0
2315,2015/5/26,0
2315,2015/5/27,0
2315,2015/5/28,0
2315,2015/5/29,0
2315,2015/5/30,0
2316,2015/5/1,0
2316,2015/5/2,0
2316,2015/5/3,0
2316,2015/5/4,0
2316,2015/5/5,0
2316,2015/5/6,0
2316,2015/5/7,0
2316,2015/5/8,0
2316,2015/5/9,0
2316,2015/5/10,0
2316,2015/5/11,0
2316,2015/5/12,0
2316,2015/5/13,0
2316,2015/5/14,0
2316,2015/5/15,0
2316,2015/5/16,0
2316,2015/5/17,0
2316,2015/5/18,0
2316,2015/5/19,0
2316,2015/5/20,0
2316,2015/5/21,0
2316,2015/5/22,0
2316,2015/5/23,0
2316,2015/5/24,0
2316,2015/5/25,0
2316,2015/5/26,0
2316,2015/5/27,0
2316,2015/5/28,0
2316,2015/5/29,0
2316,2015/5/30,0
2317,2015/5/1,0
2317,2015/5/2,0
2317,2015/5/3,0
2317,2015/5/4,0
2317,2015/5/5,0
2317,2015/5/6,0
2317,2015/5/7,0
2317,2015/5/8,0
2317,2015/5/9,0
2317,2015/5/10,0
2317,2015/5/11,0
2317,2015/5/12,0
2317,2015/5/13,0
2317,2015/5/14,0
2317,2015/5/15,0
2317,2015/5/16,0
2317,2015/5/17,0
2317,2015/5/18,0
2317,2015/5/19,0
2317,2015/5/20,0
2317,2015/5/21,0
2317,2015/5/22,0
2317,2015/5/23,0
2317,2015/5/24,0
2317,2015/5/25,0
2317,2015/5/26,0
2317,2015/5/27,0
2317,2015/5/28,0
2317,2015/5/29,0
2317,2015/5/30,0
3001,2015/5/1,0
3001,2015/5/2,0
3001,2015/5/3,0
3001,2015/5/4,0
3001,2015/5/5,0
3001,2015/5/6,0
3001,2015/5/7,0
3001,2015/5/8,0
3001,2015/5/9,0
3001,2015/5/10,0
3001,2015/5/11,0
3001,2015/5/12,0
3001,2015/5/13,0
3001,2015/5/14,0
3001,2015/5/15,0
3001,2015/5/16,0
3001,2015/5/17,0
3001,2015/5/18,0
3001,2015/5/19,0
3001,2015/5/20,0
3001,2015/5/21,0
3001,2015/5/22,0
3001,2015/5/23,0
3001,2015/5/24,0
3001,2015/5/25,0
3001,2015/5/26,0
3001,2015/5/27,0
3001,2015/5/28,0
3001,2015/5/29,0
3001,2015/5/30,0
3002,2015/5/1,0
3002,2015/5/2,0
3002,2015/5/3,0
3002,2015/5/4,1
3002,2015/5/5,1
3002,2015/5/6,1
3002,2015/5/7,0
3002,2015/5/8,0
3002,2015/5/9,0
3002,2015/5/10,0
3002,2015/5/11,1
3002,2015/5/12,1
3002,2015/5/13,1
3002,2015/5/14,0
3002,2015/5/15,0
3002,2015/5/16,0
3002,2015/5/17,0
3002,2015/5/18,1
3002,2015/5/19,1
3002,2015/5/20,1
3002,2015/5/21,0
3002,2015/5/22,0
3002,2015/5/23,0
3002,2015/5/24,0
3002,2015/5/25,1
3002,2015/5/26,1
3002,2015/5/27,1
3002,2015/5/28,0
3002,2015/5/29,0
3002,2015/5/30,0
3003,2015/5/1,0
3003,2015/5/2,0
3003,2015/5/3,0
3003,2015/5/4,0
3003,2015/5/5,0
3003,2015/5/6,0
3003,2015/5/7,0
3003,2015/5/8,0
3003,2015/5/9,0
3003,2015/5/10,0
3003,2015/5/11,0
3003,2015/5/12,0
3003,2015/5/13,0
3003,2015/5/14,0
3003,2015/5/15,0
3003,2015/5/16,0
3003,2015/5/17,0
3003,2015/5/18,0
3003,2015/5/19,0
3003,2015/5/20,0
3003,2015/5/21,0
3003,2015/5/22,0
3003,2015/5/23,0
3003,2015/5/24,0
3003,2015/5/25,0
3003,2015/5/26,0
3003,2015/5/27,0
3003,2015/5/28,0
3003,2015/5/29,0
3003,2015/5/30,0
3004,2015/5/1,0
3004,2015/5/2,0
3004,2015/5/3,0
3004,2015/5/4,0
3004,2015/5/5,0
3004,2015/5/6,0
3004,2015/5/7,0
3004,2015/5/8,0
3004,2015/5/9,0
3004,2015/5/10,0
3004,2015/5/11,0
3004,2015/5/12,0
3004,2015/5/13,0
3004,2015/5/14,0
3004,2015/5/15,0
3004,2015/5/16,0
3004,2015/5/17,0
3004,2015/5/18,0
3004,2015/5/19,0
3004,2015/5/20,0
3004,2015/5/21,0
3004,2015/5/22,0
3004,2015/5/23,0
3004,2015/5/24,0
3004,2015/5/25,0
3004,2015/5/26,0
3004,2015/5/27,0
3004,2015/5/28,0
3004,2015/5/29,0
3004,2015/5/30,0
3005,2015/5/1,0
3005,2015/5/2,0
3005,2015/5/3,0
3005,2015/5/4,0
3005,2015/5/5,0
3005,2015/5/6,0
3005,2015/5/7,0
3005,2015/5/8,0
3005,2015/5/9,0
3005,2015/5/10,0
3005,2015/5/11,0
3005,2015/5/12,0
3005,2015/5/13,0
3005,2015/5/14,0
3005,2015/5/15,0
3005,2015/5/16,0
3005,2015/5/17,0
3005,2015/5/18,0
3005,2015/5/19,0
3005,2015/5/20,0
3005,2015/5/21,0
3005,2015/5/22,0
3005,2015/5/23,0
3005,2015/5/24,0
3005,2015/5/25,0
3005,2015/5/26,0
3005,2015/5/27,0
3005,2015/5/28,0
3005,2015/5/29,0
3005,2015/5/30,0
3006,2015/5/1,1
3006,2015/5/2,1
3006,2015/5/3,1
3006,2015/5/4,1
3006,2015/5/5,1
3006,2015/5/6,2
3006,2015/5/7,1
3006,2015/5/8,1
3006,2015/5/9,1
3006,2015/5/10,1
3006,2015/5/11,1
3006,2015/5/12,1
3006,2015/5/13,2
3006,2015/5/14,1
3006,2015/5/15,1
3006,2015/5/16,1
3006,2015/5/17,1
3006,2015/5/18,1
3006,2015/5/19,1
3006,2015/5/20,2
3006,2015/5/21,1
3006,2015/5/22,1
3006,2015/5/23,1
3006,2015/5/24,1
3006,2015/5/25,1
3006,2015/5/26,1
3006,2015/5/27,2
3006,2015/5/28,1
3006,2015/5/29,1
3006,2015/5/30,1
3007,2015/5/1,1
3007,2015/5/2,0
3007,2015/5/3,0
3007,2015/5/4,0
3007,2015/5/5,0
3007,2015/5/6,1
3007,2015/5/7,0
3007,2015/5/8,0
3007,2015/5/9,0
3007,2015/5/10,0
3007,2015/5/11,1
3007,2015/5/12,0
3007,2015/5/13,1
3007,2015/5/14,0
3007,2015/5/15,0
3007,2015/5/16,0
3007,2015/5/17,0
3007,2015/5/18,1
3007,2015/5/19,0
3007,2015/5/20,1
3007,2015/5/21,1
3007,2015/5/22,0
3007,2015/5/23,0
3007,2015/5/24,0
3007,2015/5/25,1
3007,2015/5/26,0
3007,2015/5/27,1
3007,2015/5/28,1
3007,2015/5/29,0
3007,2015/5/30,0
3008,2015/5/1,0
3008,2015/5/2,0
3008,2015/5/3,0
3008,2015/5/4,0
3008,2015/5/5,0
3008,2015/5/6,0
3008,2015/5/7,0
3008,2015/5/8,0
3008,2015/5/9,0
3008,2015/5/10,1
3008,2015/5/11,0
3008,2015/5/12,0
3008,2015/5/13,0
3008,2015/5/14,0
3008,2015/5/15,0
3008,2015/5/16,0
3008,2015/5/17,1
3008,2015/5/18,0
3008,2015/5/19,0
3008,2015/5/20,0
3008,2015/5/21,0
3008,2015/5/22,0
3008,2015/5/23,0
3008,2015/5/24,1
3008,2015/5/25,0
3008,2015/5/26,0
3008,2015/5/27,0
3008,2015/5/28,0
3008,2015/5/29,0
3008,2015/5/30,0
3009,2015/5/1,0
3009,2015/5/2,0
3009,2015/5/3,0
3009,2015/5/4,0
3009,2015/5/5,0
3009,2015/5/6,0
3009,2015/5/7,0
3009,2015/5/8,0
3009,2015/5/9,0
3009,2015/5/10,0
3009,2015/5/11,0
3009,2015/5/12,0
3009,2015/5/13,0
3009,2015/5/14,0
3009,2015/5/15,0
3009,2015/5/16,0
3009,2015/5/17,0
3009,2015/5/18,0
3009,2015/5/19,0
3009,2015/5/20,0
3009,2015/5/21,0
3009,2015/5/22,0
3009,2015/5/23,0
3009,2015/5/24,0
3009,2015/5/25,0
3009,2015/5/26,0
3009,2015/5/27,0
3009,2015/5/28,0
3009,2015/5/29,0
3009,2015/5/30,0
3010,2015/5/1,0
3010,2015/5/2,0
3010,2015/5/3,0
3010,2015/5/4,0
3010,2015/5/5,0
3010,2015/5/6,0
3010,2015/5/7,0
3010,2015/5/8,0
3010,2015/5/9,0
3010,2015/5/10,0
3010,2015/5/11,0
3010,2015/5/12,0
3010,2015/5/13,0
3010,2015/5/14,0
3010,2015/5/15,0
3010,2015/5/16,0
3010,2015/5/17,0
3010,2015/5/18,0
3010,2015/5/19,0
3010,2015/5/20,0
3010,2015/5/21,0
3010,2015/5/22,0
3010,2015/5/23,0
3010,2015/5/24,0
3010,2015/5/25,0
3010,2015/5/26,0
3010,2015/5/27,0
3010,2015/5/28,0
3010,2015/5/29,0
3010,2015/5/30,0
3011,2015/5/1,0
3011,2015/5/2,0
3011,2015/5/3,0
3011,2015/5/4,0
3011,2015/5/5,0
3011,2015/5/6,0
3011,2015/5/7,0
3011,2015/5/8,0
3011,2015/5/9,0
3011,2015/5/10,0
3011,2015/5/11,0
3011,2015/5/12,0
3011,2015/5/13,0
3011,2015/5/14,0
3011,2015/5/15,0
3011,2015/5/16,0
3011,2015/5/17,0
3011,2015/5/18,0
3011,2015/5/19,0
3011,2015/5/20,0
3011,2015/5/21,0
3011,2015/5/22,0
3011,2015/5/23,0
3011,2015/5/24,0
3011,2015/5/25,0
3011,2015/5/26,0
3011,2015/5/27,0
3011,2015/5/28,0
3011,2015/5/29,0
3011,2015/5/30,0
3012,2015/5/1,0
3012,2015/5/2,0
3012,2015/5/3,0
3012,2015/5/4,0
3012,2015/5/5,0
3012,2015/5/6,0
3012,2015/5/7,0
3012,2015/5/8,0
3012,2015/5/9,0
3012,2015/5/10,0
3012,2015/5/11,0
3012,2015/5/12,0
3012,2015/5/13,0
3012,2015/5/14,0
3012,2015/5/15,0
3012,2015/5/16,0
3012,2015/5/17,0
3012,2015/5/18,0
3012,2015/5/19,0
3012,2015/5/20,0
3012,2015/5/21,0
3012,2015/5/22,0
3012,2015/5/23,0
3012,2015/5/24,0
3012,2015/5/25,0
3012,2015/5/26,0
3012,2015/5/27,0
3012,2015/5/28,0
3012,2015/5/29,0
3012,2015/5/30,0
3013,2015/5/1,1
3013,2015/5/2,1
3013,2015/5/3,1
3013,2015/5/4,1
3013,2015/5/5,1
3013,2015/5/6,1
3013,2015/5/7,1
3013,2015/5/8,1
3013,2015/5/9,1
3013,2015/5/10,1
3013,2015/5/11,1
3013,2015/5/12,1
3013,2015/5/13,1
3013,2015/5/14,1
3013,2015/5/15,1
3013,2015/5/16,1
3013,2015/5/17,1
3013,2015/5/18,1
3013,2015/5/19,1
3013,2015/5/20,1
3013,2015/5/21,1
3013,2015/5/22,1
3013,2015/5/23,1
3013,2015/5/24,1
3013,2015/5/25,1
3013,2015/5/26,1
3013,2015/5/27,1
3013,2015/5/28,1
3013,2015/5/29,1
3013,2015/5/30,1
3014,2015/5/1,0
3014,2015/5/2,0
3014,2015/5/3,0
3014,2015/5/4,0
3014,2015/5/5,0
3014,2015/5/6,0
3014,2015/5/7,0
3014,2015/5/8,0
3014,2015/5/9,0
3014,2015/5/10,0
3014,2015/5/11,0
3014,2015/5/12,0
3014,2015/5/13,0
3014,2015/5/14,0
3014,2015/5/15,0
3014,2015/5/16,0
3014,2015/5/17,0
3014,2015/5/18,0
3014,2015/5/19,0
3014,2015/5/20,0
3014,2015/5/21,0
3014,2015/5/22,0
3014,2015/5/23,0
3014,2015/5/24,0
3014,2015/5/25,0
3014,2015/5/26,0
3014,2015/5/27,0
3014,2015/5/28,0
3014,2015/5/29,0
3014,2015/5/30,0
3015,2015/5/1,0
3015,2015/5/2,0
3015,2015/5/3,0
3015,2015/5/4,0
3015,2015/5/5,0
3015,2015/5/6,0
3015,2015/5/7,0
3015,2015/5/8,0
3015,2015/5/9,0
3015,2015/5/10,0
3015,2015/5/11,0
3015,2015/5/12,0
3015,2015/5/13,0
3015,2015/5/14,0
3015,2015/5/15,0
3015,2015/5/16,0
3015,2015/5/17,0
3015,2015/5/18,0
3015,2015/5/19,0
3015,2015/5/20,0
3015,2015/5/21,0
3015,2015/5/22,0
3015,2015/5/23,0
3015,2015/5/24,0
3015,2015/5/25,0
3015,2015/5/26,0
3015,2015/5/27,0
3015,2015/5/28,0
3015,2015/5/29,0
3015,2015/5/30,0
3016,2015/5/1,2
3016,2015/5/2,2
3016,2015/5/3,1
3016,2015/5/4,4
3016,2015/5/5,5
3016,2015/5/6,11
3016,2015/5/7,4
3016,2015/5/8,3
3016,2015/5/9,5
3016,2015/5/10,4
3016,2015/5/11,5
3016,2015/5/12,5
3016,2015/5/13,11
3016,2015/5/14,4
3016,2015/5/15,3
3016,2015/5/16,5
3016,2015/5/17,4
3016,2015/5/18,5
3016,2015/5/19,5
3016,2015/5/20,11
3016,2015/5/21,4
3016,2015/5/22,3
3016,2015/5/23,5
3016,2015/5/24,4
3016,2015/5/25,5
3016,2015/5/26,5
3016,2015/5/27,11
3016,2015/5/28,4
3016,2015/5/29,3
3016,2015/5/30,5
3017,2015/5/1,0
3017,2015/5/2,0
3017,2015/5/3,0
3017,2015/5/4,0
3017,2015/5/5,0
3017,2015/5/6,0
3017,2015/5/7,0
3017,2015/5/8,0
3017,2015/5/9,0
3017,2015/5/10,0
3017,2015/5/11,0
3017,2015/5/12,0
3017,2015/5/13,0
3017,2015/5/14,0
3017,2015/5/15,0
3017,2015/5/16,0
3017,2015/5/17,0
3017,2015/5/18,0
3017,2015/5/19,0
3017,2015/5/20,0
3017,2015/5/21,0
3017,2015/5/22,0
3017,2015/5/23,0
3017,2015/5/24,0
3017,2015/5/25,0
3017,2015/5/26,0
3017,2015/5/27,0
3017,2015/5/28,0
3017,2015/5/29,0
3017,2015/5/30,0
3018,2015/5/1,1
3018,2015/5/2,1
3018,2015/5/3,0
3018,2015/5/4,1
3018,2015/5/5,1
3018,2015/5/6,1
3018,2015/5/7,1
3018,2015/5/8,0
3018,2015/5/9,1
3018,2015/5/10,0
3018,2015/5/11,1
3018,2015/5/12,1
3018,2015/5/13,1
3018,2015/5/14,1
3018,2015/5/15,0
3018,2015/5/16,1
3018,2015/5/17,0
3018,2015/5/18,1
3018,2015/5/19,1
3018,2015/5/20,1
3018,2015/5/21,1
3018,2015/5/22,0
3018,2015/5/23,0
3018,2015/5/24,0
3018,2015/5/25,1
3018,2015/5/26,1
3018,2015/5/27,1
3018,2015/5/28,1
3018,2015/5/29,0
3018,2015/5/30,0
3101,2015/5/1,0
3101,2015/5/2,0
3101,2015/5/3,0
3101,2015/5/4,0
3101,2015/5/5,0
3101,2015/5/6,0
3101,2015/5/7,0
3101,2015/5/8,0
3101,2015/5/9,0
3101,2015/5/10,0
3101,2015/5/11,0
3101,2015/5/12,0
3101,2015/5/13,0
3101,2015/5/14,0
3101,2015/5/15,0
3101,2015/5/16,0
3101,2015/5/17,0
3101,2015/5/18,0
3101,2015/5/19,0
3101,2015/5/20,0
3101,2015/5/21,0
3101,2015/5/22,0
3101,2015/5/23,0
3101,2015/5/24,0
3101,2015/5/25,0
3101,2015/5/26,0
3101,2015/5/27,0
3101,2015/5/28,0
3101,2015/5/29,0
3101,2015/5/30,0
3102,2015/5/1,0
3102,2015/5/2,0
3102,2015/5/3,0
3102,2015/5/4,0
3102,2015/5/5,0
3102,2015/5/6,0
3102,2015/5/7,0
3102,2015/5/8,0
3102,2015/5/9,0
3102,2015/5/10,0
3102,2015/5/11,0
3102,2015/5/12,0
3102,2015/5/13,0
3102,2015/5/14,0
3102,2015/5/15,0
3102,2015/5/16,0
3102,2015/5/17,0
3102,2015/5/18,0
3102,2015/5/19,0
3102,2015/5/20,0
3102,2015/5/21,0
3102,2015/5/22,0
3102,2015/5/23,0
3102,2015/5/24,0
3102,2015/5/25,0
3102,2015/5/26,0
3102,2015/5/27,0
3102,2015/5/28,0
3102,2015/5/29,0
3102,2015/5/30,0
3104,2015/5/1,0
3104,2015/5/2,0
3104,2015/5/3,0
3104,2015/5/4,0
3104,2015/5/5,0
3104,2015/5/6,0
3104,2015/5/7,0
3104,2015/5/8,0
3104,2015/5/9,0
3104,2015/5/10,0
3104,2015/5/11,0
3104,2015/5/12,0
3104,2015/5/13,0
3104,2015/5/14,0
3104,2015/5/15,0
3104,2015/5/16,0
3104,2015/5/17,0
3104,2015/5/18,0
3104,2015/5/19,0
3104,2015/5/20,0
3104,2015/5/21,0
3104,2015/5/22,0
3104,2015/5/23,0
3104,2015/5/24,0
3104,2015/5/25,0
3104,2015/5/26,0
3104,2015/5/27,0
3104,2015/5/28,0
3104,2015/5/29,0
3104,2015/5/30,0
3105,2015/5/1,0
3105,2015/5/2,0
3105,2015/5/3,0
3105,2015/5/4,0
3105,2015/5/5,0
3105,2015/5/6,0
3105,2015/5/7,0
3105,2015/5/8,0
3105,2015/5/9,0
3105,2015/5/10,0
3105,2015/5/11,0
3105,2015/5/12,0
3105,2015/5/13,0
3105,2015/5/14,0
3105,2015/5/15,0
3105,2015/5/16,0
3105,2015/5/17,0
3105,2015/5/18,0
3105,2015/5/19,0
3105,2015/5/20,0
3105,2015/5/21,0
3105,2015/5/22,0
3105,2015/5/23,0
3105,2015/5/24,0
3105,2015/5/25,0
3105,2015/5/26,0
3105,2015/5/27,0
3105,2015/5/28,0
3105,2015/5/29,0
3105,2015/5/30,0
3106,2015/5/1,0
3106,2015/5/2,0
3106,2015/5/3,0
3106,2015/5/4,0
3106,2015/5/5,0
3106,2015/5/6,0
3106,2015/5/7,0
3106,2015/5/8,0
3106,2015/5/9,0
3106,2015/5/10,0
3106,2015/5/11,0
3106,2015/5/12,0
3106,2015/5/13,0
3106,2015/5/14,0
3106,2015/5/15,0
3106,2015/5/16,0
3106,2015/5/17,0
3106,2015/5/18,0
3106,2015/5/19,0
3106,2015/5/20,0
3106,2015/5/21,0
3106,2015/5/22,0
3106,2015/5/23,0
3106,2015/5/24,0
3106,2015/5/25,0
3106,2015/5/26,0
3106,2015/5/27,0
3106,2015/5/28,0
3106,2015/5/29,0
3106,2015/5/30,0
3107,2015/5/1,0
3107,2015/5/2,0
3107,2015/5/3,0
3107,2015/5/4,0
3107,2015/5/5,0
3107,2015/5/6,0
3107,2015/5/7,0
3107,2015/5/8,0
3107,2015/5/9,0
3107,2015/5/10,0
3107,2015/5/11,0
3107,2015/5/12,0
3107,2015/5/13,0
3107,2015/5/14,0
3107,2015/5/15,0
3107,2015/5/16,0
3107,2015/5/17,0
3107,2015/5/18,0
3107,2015/5/19,0
3107,2015/5/20,0
3107,2015/5/21,0
3107,2015/5/22,0
3107,2015/5/23,0
3107,2015/5/24,0
3107,2015/5/25,0
3107,2015/5/26,0
3107,2015/5/27,0
3107,2015/5/28,0
3107,2015/5/29,0
3107,2015/5/30,0
3108,2015/5/1,0
3108,2015/5/2,0
3108,2015/5/3,0
3108,2015/5/4,0
3108,2015/5/5,0
3108,2015/5/6,0
3108,2015/5/7,0
3108,2015/5/8,0
3108,2015/5/9,0
3108,2015/5/10,0
3108,2015/5/11,0
3108,2015/5/12,0
3108,2015/5/13,0
3108,2015/5/14,0
3108,2015/5/15,0
3108,2015/5/16,0
3108,2015/5/17,0
3108,2015/5/18,0
3108,2015/5/19,0
3108,2015/5/20,0
3108,2015/5/21,0
3108,2015/5/22,0
3108,2015/5/23,0
3108,2015/5/24,0
3108,2015/5/25,0
3108,2015/5/26,0
3108,2015/5/27,0
3108,2015/5/28,0
3108,2015/5/29,0
3108,2015/5/30,0
3109,2015/5/1,0
3109,2015/5/2,0
3109,2015/5/3,0
3109,2015/5/4,0
3109,2015/5/5,0
3109,2015/5/6,0
3109,2015/5/7,0
3109,2015/5/8,0
3109,2015/5/9,0
3109,2015/5/10,0
3109,2015/5/11,0
3109,2015/5/12,0
3109,2015/5/13,0
3109,2015/5/14,0
3109,2015/5/15,0
3109,2015/5/16,0
3109,2015/5/17,0
3109,2015/5/18,0
3109,2015/5/19,0
3109,2015/5/20,0
3109,2015/5/21,0
3109,2015/5/22,0
3109,2015/5/23,0
3109,2015/5/24,0
3109,2015/5/25,0
3109,2015/5/26,0
3109,2015/5/27,0
3109,2015/5/28,0
3109,2015/5/29,0
3109,2015/5/30,0
3110,2015/5/1,0
3110,2015/5/2,0
3110,2015/5/3,0
3110,2015/5/4,0
3110,2015/5/5,0
3110,2015/5/6,0
3110,2015/5/7,0
3110,2015/5/8,0
3110,2015/5/9,0
3110,2015/5/10,0
3110,2015/5/11,0
3110,2015/5/12,0
3110,2015/5/13,0
3110,2015/5/14,0
3110,2015/5/15,0
3110,2015/5/16,0
3110,2015/5/17,0
3110,2015/5/18,0
3110,2015/5/19,0
3110,2015/5/20,0
3110,2015/5/21,0
3110,2015/5/22,0
3110,2015/5/23,0
3110,2015/5/24,0
3110,2015/5/25,0
3110,2015/5/26,0
3110,2015/5/27,0
3110,2015/5/28,0
3110,2015/5/29,0
3110,2015/5/30,0
3111,2015/5/1,0
3111,2015/5/2,0
3111,2015/5/3,0
3111,2015/5/4,0
3111,2015/5/5,0
3111,2015/5/6,0
3111,2015/5/7,0
3111,2015/5/8,0
3111,2015/5/9,0
3111,2015/5/10,0
3111,2015/5/11,0
3111,2015/5/12,0
3111,2015/5/13,0
3111,2015/5/14,0
3111,2015/5/15,0
3111,2015/5/16,0
3111,2015/5/17,0
3111,2015/5/18,0
3111,2015/5/19,0
3111,2015/5/20,0
3111,2015/5/21,0
3111,2015/5/22,0
3111,2015/5/23,0
3111,2015/5/24,0
3111,2015/5/25,0
3111,2015/5/26,0
3111,2015/5/27,0
3111,2015/5/28,0
3111,2015/5/29,0
3111,2015/5/30,0
3112,2015/5/1,0
3112,2015/5/2,0
3112,2015/5/3,0
3112,2015/5/4,0
3112,2015/5/5,0
3112,2015/5/6,0
3112,2015/5/7,0
3112,2015/5/8,0
3112,2015/5/9,0
3112,2015/5/10,0
3112,2015/5/11,0
3112,2015/5/12,0
3112,2015/5/13,0
3112,2015/5/14,0
3112,2015/5/15,0
3112,2015/5/16,0
3112,2015/5/17,0
3112,2015/5/18,0
3112,2015/5/19,0
3112,2015/5/20,0
3112,2015/5/21,0
3112,2015/5/22,0
3112,2015/5/23,0
3112,2015/5/24,0
3112,2015/5/25,0
3112,2015/5/26,0
3112,2015/5/27,0
3112,2015/5/28,0
3112,2015/5/29,0
3112,2015/5/30,0
3113,2015/5/1,0
3113,2015/5/2,0
3113,2015/5/3,0
3113,2015/5/4,0
3113,2015/5/5,0
3113,2015/5/6,0
3113,2015/5/7,0
3113,2015/5/8,0
3113,2015/5/9,0
3113,2015/5/10,0
3113,2015/5/11,0
3113,2015/5/12,0
3113,2015/5/13,0
3113,2015/5/14,0
3113,2015/5/15,0
3113,2015/5/16,0
3113,2015/5/17,0
3113,2015/5/18,0
3113,2015/5/19,0
3113,2015/5/20,0
3113,2015/5/21,0
3113,2015/5/22,0
3113,2015/5/23,0
3113,2015/5/24,0
3113,2015/5/25,0
3113,2015/5/26,0
3113,2015/5/27,0
3113,2015/5/28,0
3113,2015/5/29,0
3113,2015/5/30,0
3114,2015/5/1,0
3114,2015/5/2,0
3114,2015/5/3,0
3114,2015/5/4,0
3114,2015/5/5,0
3114,2015/5/6,0
3114,2015/5/7,0
3114,2015/5/8,0
3114,2015/5/9,0
3114,2015/5/10,0
3114,2015/5/11,0
3114,2015/5/12,0
3114,2015/5/13,0
3114,2015/5/14,0
3114,2015/5/15,0
3114,2015/5/16,0
3114,2015/5/17,0
3114,2015/5/18,0
3114,2015/5/19,0
3114,2015/5/20,0
3114,2015/5/21,0
3114,2015/5/22,0
3114,2015/5/23,0
3114,2015/5/24,0
3114,2015/5/25,0
3114,2015/5/26,0
3114,2015/5/27,0
3114,2015/5/28,0
3114,2015/5/29,0
3114,2015/5/30,0
3115,2015/5/1,0
3115,2015/5/2,0
3115,2015/5/3,0
3115,2015/5/4,0
3115,2015/5/5,0
3115,2015/5/6,0
3115,2015/5/7,0
3115,2015/5/8,0
3115,2015/5/9,0
3115,2015/5/10,0
3115,2015/5/11,0
3115,2015/5/12,0
3115,2015/5/13,0
3115,2015/5/14,0
3115,2015/5/15,0
3115,2015/5/16,0
3115,2015/5/17,0
3115,2015/5/18,0
3115,2015/5/19,0
3115,2015/5/20,0
3115,2015/5/21,0
3115,2015/5/22,0
3115,2015/5/23,0
3115,2015/5/24,0
3115,2015/5/25,0
3115,2015/5/26,0
3115,2015/5/27,0
3115,2015/5/28,0
3115,2015/5/29,0
3115,2015/5/30,0
3116,2015/5/1,0
3116,2015/5/2,0
3116,2015/5/3,0
3116,2015/5/4,0
3116,2015/5/5,0
3116,2015/5/6,0
3116,2015/5/7,0
3116,2015/5/8,0
3116,2015/5/9,0
3116,2015/5/10,0
3116,2015/5/11,0
3116,2015/5/12,0
3116,2015/5/13,0
3116,2015/5/14,0
3116,2015/5/15,0
3116,2015/5/16,0
3116,2015/5/17,0
3116,2015/5/18,0
3116,2015/5/19,0
3116,2015/5/20,0
3116,2015/5/21,0
3116,2015/5/22,0
3116,2015/5/23,0
3116,2015/5/24,0
3116,2015/5/25,0
3116,2015/5/26,0
3116,2015/5/27,0
3116,2015/5/28,0
3116,2015/5/29,0
3116,2015/5/30,0
3117,2015/5/1,1
3117,2015/5/2,0
3117,2015/5/3,0
3117,2015/5/4,0
3117,2015/5/5,0
3117,2015/5/6,0
3117,2015/5/7,0
3117,2015/5/8,0
3117,2015/5/9,0
3117,2015/5/10,0
3117,2015/5/11,0
3117,2015/5/12,0
3117,2015/5/13,0
3117,2015/5/14,0
3117,2015/5/15,0
3117,2015/5/16,0
3117,2015/5/17,0
3117,2015/5/18,0
3117,2015/5/19,0
3117,2015/5/20,0
3117,2015/5/21,0
3117,2015/5/22,0
3117,2015/5/23,0
3117,2015/5/24,0
3117,2015/5/25,0
3117,2015/5/26,0
3117,2015/5/27,0
3117,2015/5/28,0
3117,2015/5/29,0
3117,2015/5/30,0
3118,2015/5/1,0
3118,2015/5/2,0
3118,2015/5/3,0
3118,2015/5/4,0
3118,2015/5/5,0
3118,2015/5/6,1
3118,2015/5/7,0
3118,2015/5/8,0
3118,2015/5/9,0
3118,2015/5/10,0
3118,2015/5/11,0
3118,2015/5/12,0
3118,2015/5/13,1
3118,2015/5/14,0
3118,2015/5/15,0
3118,2015/5/16,0
3118,2015/5/17,0
3118,2015/5/18,0
3118,2015/5/19,0
3118,2015/5/20,1
3118,2015/5/21,0
3118,2015/5/22,0
3118,2015/5/23,0
3118,2015/5/24,0
3118,2015/5/25,0
3118,2015/5/26,0
3118,2015/5/27,1
3118,2015/5/28,0
3118,2015/5/29,0
3118,2015/5/30,0
3119,2015/5/1,0
3119,2015/5/2,0
3119,2015/5/3,0
3119,2015/5/4,0
3119,2015/5/5,0
3119,2015/5/6,0
3119,2015/5/7,0
3119,2015/5/8,0
3119,2015/5/9,0
3119,2015/5/10,0
3119,2015/5/11,0
3119,2015/5/12,0
3119,2015/5/13,0
3119,2015/5/14,0
3119,2015/5/15,0
3119,2015/5/16,0
3119,2015/5/17,0
3119,2015/5/18,0
3119,2015/5/19,0
3119,2015/5/20,0
3119,2015/5/21,0
3119,2015/5/22,0
3119,2015/5/23,0
3119,2015/5/24,0
3119,2015/5/25,0
3119,2015/5/26,0
3119,2015/5/27,0
3119,2015/5/28,0
3119,2015/5/29,0
3119,2015/5/30,0
3120,2015/5/1,0
3120,2015/5/2,0
3120,2015/5/3,0
3120,2015/5/4,0
3120,2015/5/5,0
3120,2015/5/6,0
3120,2015/5/7,0
3120,2015/5/8,0
3120,2015/5/9,0
3120,2015/5/10,0
3120,2015/5/11,0
3120,2015/5/12,0
3120,2015/5/13,0
3120,2015/5/14,0
3120,2015/5/15,0
3120,2015/5/16,0
3120,2015/5/17,0
3120,2015/5/18,0
3120,2015/5/19,0
3120,2015/5/20,0
3120,2015/5/21,0
3120,2015/5/22,0
3120,2015/5/23,0
3120,2015/5/24,0
3120,2015/5/25,0
3120,2015/5/26,0
3120,2015/5/27,0
3120,2015/5/28,0
3120,2015/5/29,0
3120,2015/5/30,0
3121,2015/5/1,0
3121,2015/5/2,0
3121,2015/5/3,0
3121,2015/5/4,0
3121,2015/5/5,0
3121,2015/5/6,0
3121,2015/5/7,0
3121,2015/5/8,0
3121,2015/5/9,0
3121,2015/5/10,0
3121,2015/5/11,0
3121,2015/5/12,0
3121,2015/5/13,0
3121,2015/5/14,0
3121,2015/5/15,0
3121,2015/5/16,0
3121,2015/5/17,0
3121,2015/5/18,0
3121,2015/5/19,0
3121,2015/5/20,0
3121,2015/5/21,0
3121,2015/5/22,0
3121,2015/5/23,0
3121,2015/5/24,0
3121,2015/5/25,0
3121,2015/5/26,0
3121,2015/5/27,0
3121,2015/5/28,0
3121,2015/5/29,0
3121,2015/5/30,0
3122,2015/5/1,0
3122,2015/5/2,0
3122,2015/5/3,0
3122,2015/5/4,0
3122,2015/5/5,0
3122,2015/5/6,0
3122,2015/5/7,0
3122,2015/5/8,0
3122,2015/5/9,0
3122,2015/5/10,0
3122,2015/5/11,0
3122,2015/5/12,0
3122,2015/5/13,0
3122,2015/5/14,0
3122,2015/5/15,0
3122,2015/5/16,0
3122,2015/5/17,0
3122,2015/5/18,0
3122,2015/5/19,0
3122,2015/5/20,0
3122,2015/5/21,0
3122,2015/5/22,0
3122,2015/5/23,0
3122,2015/5/24,0
3122,2015/5/25,0
3122,2015/5/26,0
3122,2015/5/27,0
3122,2015/5/28,0
3122,2015/5/29,0
3122,2015/5/30,0
3125,2015/5/1,0
3125,2015/5/2,0
3125,2015/5/3,0
3125,2015/5/4,0
3125,2015/5/5,0
3125,2015/5/6,0
3125,2015/5/7,0
3125,2015/5/8,0
3125,2015/5/9,0
3125,2015/5/10,0
3125,2015/5/11,0
3125,2015/5/12,0
3125,2015/5/13,0
3125,2015/5/14,0
3125,2015/5/15,0
3125,2015/5/16,0
3125,2015/5/17,0
3125,2015/5/18,0
3125,2015/5/19,0
3125,2015/5/20,0
3125,2015/5/21,0
3125,2015/5/22,0
3125,2015/5/23,0
3125,2015/5/24,0
3125,2015/5/25,0
3125,2015/5/26,0
3125,2015/5/27,0
3125,2015/5/28,0
3125,2015/5/29,0
3125,2015/5/30,0
3126,2015/5/1,0
3126,2015/5/2,0
3126,2015/5/3,0
3126,2015/5/4,0
3126,2015/5/5,0
3126,2015/5/6,0
3126,2015/5/7,0
3126,2015/5/8,0
3126,2015/5/9,0
3126,2015/5/10,0
3126,2015/5/11,0
3126,2015/5/12,0
3126,2015/5/13,0
3126,2015/5/14,0
3126,2015/5/15,0
3126,2015/5/16,0
3126,2015/5/17,0
3126,2015/5/18,0
3126,2015/5/19,0
3126,2015/5/20,0
3126,2015/5/21,0
3126,2015/5/22,0
3126,2015/5/23,0
3126,2015/5/24,0
3126,2015/5/25,0
3126,2015/5/26,0
3126,2015/5/27,0
3126,2015/5/28,0
3126,2015/5/29,0
3126,2015/5/30,0
3128,2015/5/1,0
3128,2015/5/2,0
3128,2015/5/3,0
3128,2015/5/4,0
3128,2015/5/5,0
3128,2015/5/6,0
3128,2015/5/7,0
3128,2015/5/8,0
3128,2015/5/9,0
3128,2015/5/10,0
3128,2015/5/11,0
3128,2015/5/12,0
3128,2015/5/13,0
3128,2015/5/14,0
3128,2015/5/15,0
3128,2015/5/16,0
3128,2015/5/17,0
3128,2015/5/18,0
3128,2015/5/19,0
3128,2015/5/20,0
3128,2015/5/21,0
3128,2015/5/22,0
3128,2015/5/23,0
3128,2015/5/24,0
3128,2015/5/25,0
3128,2015/5/26,0
3128,2015/5/27,0
3128,2015/5/28,0
3128,2015/5/29,0
3128,2015/5/30,0
3212,2015/5/1,0
3212,2015/5/2,0
3212,2015/5/3,0
3212,2015/5/4,0
3212,2015/5/5,0
3212,2015/5/6,0
3212,2015/5/7,0
3212,2015/5/8,0
3212,2015/5/9,0
3212,2015/5/10,0
3212,2015/5/11,0
3212,2015/5/12,0
3212,2015/5/13,0
3212,2015/5/14,0
3212,2015/5/15,0
3212,2015/5/16,0
3212,2015/5/17,0
3212,2015/5/18,0
3212,2015/5/19,0
3212,2015/5/20,0
3212,2015/5/21,0
3212,2015/5/22,0
3212,2015/5/23,0
3212,2015/5/24,0
3212,2015/5/25,0
3212,2015/5/26,0
3212,2015/5/27,0
3212,2015/5/28,0
3212,2015/5/29,0
3212,2015/5/30,0
3213,2015/5/1,0
3213,2015/5/2,0
3213,2015/5/3,0
3213,2015/5/4,0
3213,2015/5/5,0
3213,2015/5/6,0
3213,2015/5/7,0
3213,2015/5/8,0
3213,2015/5/9,0
3213,2015/5/10,0
3213,2015/5/11,0
3213,2015/5/12,0
3213,2015/5/13,0
3213,2015/5/14,0
3213,2015/5/15,0
3213,2015/5/16,0
3213,2015/5/17,0
3213,2015/5/18,0
3213,2015/5/19,0
3213,2015/5/20,0
3213,2015/5/21,0
3213,2015/5/22,0
3213,2015/5/23,0
3213,2015/5/24,0
3213,2015/5/25,0
3213,2015/5/26,0
3213,2015/5/27,0
3213,2015/5/28,0
3213,2015/5/29,0
3213,2015/5/30,0
3215,2015/5/1,0
3215,2015/5/2,0
3215,2015/5/3,0
3215,2015/5/4,0
3215,2015/5/5,0
3215,2015/5/6,0
3215,2015/5/7,0
3215,2015/5/8,0
3215,2015/5/9,0
3215,2015/5/10,0
3215,2015/5/11,0
3215,2015/5/12,0
3215,2015/5/13,0
3215,2015/5/14,0
3215,2015/5/15,0
3215,2015/5/16,0
3215,2015/5/17,0
3215,2015/5/18,0
3215,2015/5/19,0
3215,2015/5/20,0
3215,2015/5/21,0
3215,2015/5/22,0
3215,2015/5/23,0
3215,2015/5/24,0
3215,2015/5/25,0
3215,2015/5/26,0
3215,2015/5/27,0
3215,2015/5/28,0
3215,2015/5/29,0
3215,2015/5/30,0
3216,2015/5/1,0
3216,2015/5/2,0
3216,2015/5/3,0
3216,2015/5/4,0
3216,2015/5/5,0
3216,2015/5/6,0
3216,2015/5/7,0
3216,2015/5/8,0
3216,2015/5/9,0
3216,2015/5/10,0
3216,2015/5/11,0
3216,2015/5/12,0
3216,2015/5/13,0
3216,2015/5/14,0
3216,2015/5/15,0
3216,2015/5/16,0
3216,2015/5/17,0
3216,2015/5/18,0
3216,2015/5/19,0
3216,2015/5/20,0
3216,2015/5/21,0
3216,2015/5/22,0
3216,2015/5/23,0
3216,2015/5/24,0
3216,2015/5/25,0
3216,2015/5/26,0
3216,2015/5/27,0
3216,2015/5/28,0
3216,2015/5/29,0
3216,2015/5/30,0
3217,2015/5/1,0
3217,2015/5/2,0
3217,2015/5/3,0
3217,2015/5/4,0
3217,2015/5/5,0
3217,2015/5/6,0
3217,2015/5/7,0
3217,2015/5/8,0
3217,2015/5/9,0
3217,2015/5/10,0
3217,2015/5/11,0
3217,2015/5/12,0
3217,2015/5/13,0
3217,2015/5/14,0
3217,2015/5/15,0
3217,2015/5/16,0
3217,2015/5/17,0
3217,2015/5/18,0
3217,2015/5/19,0
3217,2015/5/20,0
3217,2015/5/21,0
3217,2015/5/22,0
3217,2015/5/23,0
3217,2015/5/24,0
3217,2015/5/25,0
3217,2015/5/26,0
3217,2015/5/27,0
3217,2015/5/28,0
3217,2015/5/29,0
3217,2015/5/30,0
3218,2015/5/1,0
3218,2015/5/2,0
3218,2015/5/3,0
3218,2015/5/4,0
3218,2015/5/5,0
3218,2015/5/6,0
3218,2015/5/7,0
3218,2015/5/8,0
3218,2015/5/9,0
3218,2015/5/10,0
3218,2015/5/11,0
3218,2015/5/12,0
3218,2015/5/13,0
3218,2015/5/14,0
3218,2015/5/15,0
3218,2015/5/16,0
3218,2015/5/17,0
3218,2015/5/18,0
3218,2015/5/19,0
3218,2015/5/20,0
3218,2015/5/21,0
3218,2015/5/22,0
3218,2015/5/23,0
3218,2015/5/24,0
3218,2015/5/25,0
3218,2015/5/26,0
3218,2015/5/27,0
3218,2015/5/28,0
3218,2015/5/29,0
3218,2015/5/30,0
3227,2015/5/1,0
3227,2015/5/2,0
3227,2015/5/3,0
3227,2015/5/4,0
3227,2015/5/5,0
3227,2015/5/6,0
3227,2015/5/7,0
3227,2015/5/8,0
3227,2015/5/9,0
3227,2015/5/10,0
3227,2015/5/11,0
3227,2015/5/12,0
3227,2015/5/13,0
3227,2015/5/14,0
3227,2015/5/15,0
3227,2015/5/16,0
3227,2015/5/17,0
3227,2015/5/18,0
3227,2015/5/19,0
3227,2015/5/20,0
3227,2015/5/21,0
3227,2015/5/22,0
3227,2015/5/23,0
3227,2015/5/24,0
3227,2015/5/25,0
3227,2015/5/26,0
3227,2015/5/27,0
3227,2015/5/28,0
3227,2015/5/29,0
3227,2015/5/30,0
3301,2015/5/1,0
3301,2015/5/2,0
3301,2015/5/3,0
3301,2015/5/4,0
3301,2015/5/5,0
3301,2015/5/6,0
3301,2015/5/7,0
3301,2015/5/8,0
3301,2015/5/9,0
3301,2015/5/10,0
3301,2015/5/11,0
3301,2015/5/12,0
3301,2015/5/13,0
3301,2015/5/14,0
3301,2015/5/15,0
3301,2015/5/16,0
3301,2015/5/17,0
3301,2015/5/18,0
3301,2015/5/19,0
3301,2015/5/20,0
3301,2015/5/21,0
3301,2015/5/22,0
3301,2015/5/23,0
3301,2015/5/24,0
3301,2015/5/25,0
3301,2015/5/26,0
3301,2015/5/27,0
3301,2015/5/28,0
3301,2015/5/29,0
3301,2015/5/30,0
3303,2015/5/1,0
3303,2015/5/2,0
3303,2015/5/3,0
3303,2015/5/4,0
3303,2015/5/5,0
3303,2015/5/6,0
3303,2015/5/7,0
3303,2015/5/8,0
3303,2015/5/9,0
3303,2015/5/10,0
3303,2015/5/11,0
3303,2015/5/12,0
3303,2015/5/13,0
3303,2015/5/14,0
3303,2015/5/15,0
3303,2015/5/16,0
3303,2015/5/17,0
3303,2015/5/18,0
3303,2015/5/19,0
3303,2015/5/20,0
3303,2015/5/21,0
3303,2015/5/22,0
3303,2015/5/23,0
3303,2015/5/24,0
3303,2015/5/25,0
3303,2015/5/26,0
3303,2015/5/27,0
3303,2015/5/28,0
3303,2015/5/29,0
3303,2015/5/30,0
3313,2015/5/1,0
3313,2015/5/2,0
3313,2015/5/3,0
3313,2015/5/4,0
3313,2015/5/5,0
3313,2015/5/6,0
3313,2015/5/7,0
3313,2015/5/8,0
3313,2015/5/9,0
3313,2015/5/10,0
3313,2015/5/11,0
3313,2015/5/12,0
3313,2015/5/13,0
3313,2015/5/14,0
3313,2015/5/15,0
3313,2015/5/16,0
3313,2015/5/17,0
3313,2015/5/18,0
3313,2015/5/19,0
3313,2015/5/20,0
3313,2015/5/21,0
3313,2015/5/22,0
3313,2015/5/23,0
3313,2015/5/24,0
3313,2015/5/25,0
3313,2015/5/26,0
3313,2015/5/27,0
3313,2015/5/28,0
3313,2015/5/29,0
3313,2015/5/30,0
3314,2015/5/1,0
3314,2015/5/2,0
3314,2015/5/3,0
3314,2015/5/4,0
3314,2015/5/5,0
3314,2015/5/6,0
3314,2015/5/7,0
3314,2015/5/8,0
3314,2015/5/9,0
3314,2015/5/10,0
3314,2015/5/11,0
3314,2015/5/12,0
3314,2015/5/13,0
3314,2015/5/14,0
3314,2015/5/15,0
3314,2015/5/16,0
3314,2015/5/17,0
3314,2015/5/18,0
3314,2015/5/19,0
3314,2015/5/20,0
3314,2015/5/21,0
3314,2015/5/22,0
3314,2015/5/23,0
3314,2015/5/24,0
3314,2015/5/25,0
3314,2015/5/26,0
3314,2015/5/27,0
3314,2015/5/28,0
3314,2015/5/29,0
3314,2015/5/30,0
3315,2015/5/1,0
3315,2015/5/2,0
3315,2015/5/3,0
3315,2015/5/4,0
3315,2015/5/5,0
3315,2015/5/6,0
3315,2015/5/7,0
3315,2015/5/8,0
3315,2015/5/9,0
3315,2015/5/10,0
3315,2015/5/11,0
3315,2015/5/12,0
3315,2015/5/13,0
3315,2015/5/14,0
3315,2015/5/15,0
3315,2015/5/16,0
3315,2015/5/17,0
3315,2015/5/18,0
3315,2015/5/19,0
3315,2015/5/20,0
3315,2015/5/21,0
3315,2015/5/22,0
3315,2015/5/23,0
3315,2015/5/24,0
3315,2015/5/25,0
3315,2015/5/26,0
3315,2015/5/27,0
3315,2015/5/28,0
3315,2015/5/29,0
3315,2015/5/30,0
3316,2015/5/1,0
3316,2015/5/2,0
3316,2015/5/3,0
3316,2015/5/4,0
3316,2015/5/5,0
3316,2015/5/6,0
3316,2015/5/7,0
3316,2015/5/8,0
3316,2015/5/9,0
3316,2015/5/10,0
3316,2015/5/11,0
3316,2015/5/12,0
3316,2015/5/13,0
3316,2015/5/14,0
3316,2015/5/15,0
3316,2015/5/16,0
3316,2015/5/17,0
3316,2015/5/18,0
3316,2015/5/19,0
3316,2015/5/20,0
3316,2015/5/21,0
3316,2015/5/22,0
3316,2015/5/23,0
3316,2015/5/24,0
3316,2015/5/25,0
3316,2015/5/26,0
3316,2015/5/27,0
3316,2015/5/28,0
3316,2015/5/29,0
3316,2015/5/30,0
3319,2015/5/1,0
3319,2015/5/2,0
3319,2015/5/3,0
3319,2015/5/4,0
3319,2015/5/5,0
3319,2015/5/6,0
3319,2015/5/7,0
3319,2015/5/8,0
3319,2015/5/9,0
3319,2015/5/10,0
3319,2015/5/11,0
3319,2015/5/12,0
3319,2015/5/13,0
3319,2015/5/14,0
3319,2015/5/15,0
3319,2015/5/16,0
3319,2015/5/17,0
3319,2015/5/18,0
3319,2015/5/19,0
3319,2015/5/20,0
3319,2015/5/21,0
3319,2015/5/22,0
3319,2015/5/23,0
3319,2015/5/24,0
3319,2015/5/25,0
3319,2015/5/26,0
3319,2015/5/27,0
3319,2015/5/28,0
3319,2015/5/29,0
3319,2015/5/30,0
3320,2015/5/1,0
3320,2015/5/2,0
3320,2015/5/3,0
3320,2015/5/4,0
3320,2015/5/5,0
3320,2015/5/6,0
3320,2015/5/7,0
3320,2015/5/8,0
3320,2015/5/9,0
3320,2015/5/10,0
3320,2015/5/11,0
3320,2015/5/12,0
3320,2015/5/13,0
3320,2015/5/14,0
3320,2015/5/15,0
3320,2015/5/16,0
3320,2015/5/17,0
3320,2015/5/18,0
3320,2015/5/19,0
3320,2015/5/20,0
3320,2015/5/21,0
3320,2015/5/22,0
3320,2015/5/23,0
3320,2015/5/24,0
3320,2015/5/25,0
3320,2015/5/26,0
3320,2015/5/27,0
3320,2015/5/28,0
3320,2015/5/29,0
3320,2015/5/30,0
3321,2015/5/1,0
3321,2015/5/2,0
3321,2015/5/3,0
3321,2015/5/4,0
3321,2015/5/5,0
3321,2015/5/6,0
3321,2015/5/7,0
3321,2015/5/8,0
3321,2015/5/9,0
3321,2015/5/10,0
3321,2015/5/11,0
3321,2015/5/12,0
3321,2015/5/13,0
3321,2015/5/14,0
3321,2015/5/15,0
3321,2015/5/16,0
3321,2015/5/17,0
3321,2015/5/18,0
3321,2015/5/19,0
3321,2015/5/20,0
3321,2015/5/21,0
3321,2015/5/22,0
3321,2015/5/23,0
3321,2015/5/24,0
3321,2015/5/25,0
3321,2015/5/26,0
3321,2015/5/27,0
3321,2015/5/28,0
3321,2015/5/29,0
3321,2015/5/30,0
3322,2015/5/1,0
3322,2015/5/2,0
3322,2015/5/3,0
3322,2015/5/4,0
3322,2015/5/5,0
3322,2015/5/6,0
3322,2015/5/7,0
3322,2015/5/8,0
3322,2015/5/9,0
3322,2015/5/10,0
3322,2015/5/11,0
3322,2015/5/12,0
3322,2015/5/13,0
3322,2015/5/14,0
3322,2015/5/15,0
3322,2015/5/16,0
3322,2015/5/17,0
3322,2015/5/18,0
3322,2015/5/19,0
3322,2015/5/20,0
3322,2015/5/21,0
3322,2015/5/22,0
3322,2015/5/23,0
3322,2015/5/24,0
3322,2015/5/25,0
3322,2015/5/26,0
3322,2015/5/27,0
3322,2015/5/28,0
3322,2015/5/29,0
3322,2015/5/30,0
3323,2015/5/1,0
3323,2015/5/2,0
3323,2015/5/3,0
3323,2015/5/4,0
3323,2015/5/5,0
3323,2015/5/6,0
3323,2015/5/7,0
3323,2015/5/8,0
3323,2015/5/9,0
3323,2015/5/10,0
3323,2015/5/11,0
3323,2015/5/12,0
3323,2015/5/13,0
3323,2015/5/14,0
3323,2015/5/15,0
3323,2015/5/16,0
3323,2015/5/17,0
3323,2015/5/18,0
3323,2015/5/19,0
3323,2015/5/20,0
3323,2015/5/21,0
3323,2015/5/22,0
3323,2015/5/23,0
3323,2015/5/24,0
3323,2015/5/25,0
3323,2015/5/26,0
3323,2015/5/27,0
3323,2015/5/28,0
3323,2015/5/29,0
3323,2015/5/30,0
3325,2015/5/1,0
3325,2015/5/2,0
3325,2015/5/3,0
3325,2015/5/4,0
3325,2015/5/5,0
3325,2015/5/6,0
3325,2015/5/7,0
3325,2015/5/8,0
3325,2015/5/9,0
3325,2015/5/10,0
3325,2015/5/11,0
3325,2015/5/12,0
3325,2015/5/13,0
3325,2015/5/14,0
3325,2015/5/15,0
3325,2015/5/16,0
3325,2015/5/17,0
3325,2015/5/18,0
3325,2015/5/19,0
3325,2015/5/20,0
3325,2015/5/21,0
3325,2015/5/22,0
3325,2015/5/23,0
3325,2015/5/24,0
3325,2015/5/25,0
3325,2015/5/26,0
3325,2015/5/27,0
3325,2015/5/28,0
3325,2015/5/29,0
3325,2015/5/30,0
3326,2015/5/1,0
3326,2015/5/2,0
3326,2015/5/3,0
3326,2015/5/4,0
3326,2015/5/5,0
3326,2015/5/6,0
3326,2015/5/7,0
3326,2015/5/8,0
3326,2015/5/9,0
3326,2015/5/10,0
3326,2015/5/11,0
3326,2015/5/12,0
3326,2015/5/13,0
3326,2015/5/14,0
3326,2015/5/15,0
3326,2015/5/16,0
3326,2015/5/17,0
3326,2015/5/18,0
3326,2015/5/19,0
3326,2015/5/20,0
3326,2015/5/21,0
3326,2015/5/22,0
3326,2015/5/23,0
3326,2015/5/24,0
3326,2015/5/25,0
3326,2015/5/26,0
3326,2015/5/27,0
3326,2015/5/28,0
3326,2015/5/29,0
3326,2015/5/30,0
3328,2015/5/1,0
3328,2015/5/2,0
3328,2015/5/3,0
3328,2015/5/4,0
3328,2015/5/5,0
3328,2015/5/6,0
3328,2015/5/7,0
3328,2015/5/8,0
3328,2015/5/9,0
3328,2015/5/10,0
3328,2015/5/11,0
3328,2015/5/12,0
3328,2015/5/13,0
3328,2015/5/14,0
3328,2015/5/15,0
3328,2015/5/16,0
3328,2015/5/17,0
3328,2015/5/18,0
3328,2015/5/19,0
3328,2015/5/20,0
3328,2015/5/21,0
3328,2015/5/22,0
3328,2015/5/23,0
3328,2015/5/24,0
3328,2015/5/25,0
3328,2015/5/26,0
3328,2015/5/27,0
3328,2015/5/28,0
3328,2015/5/29,0
3328,2015/5/30,0
3330,2015/5/1,1
3330,2015/5/2,0
3330,2015/5/3,0
3330,2015/5/4,0
3330,2015/5/5,0
3330,2015/5/6,0
3330,2015/5/7,0
3330,2015/5/8,0
3330,2015/5/9,0
3330,2015/5/10,0
3330,2015/5/11,0
3330,2015/5/12,0
3330,2015/5/13,0
3330,2015/5/14,0
3330,2015/5/15,0
3330,2015/5/16,0
3330,2015/5/17,0
3330,2015/5/18,0
3330,2015/5/19,0
3330,2015/5/20,0
3330,2015/5/21,0
3330,2015/5/22,0
3330,2015/5/23,0
3330,2015/5/24,0
3330,2015/5/25,0
3330,2015/5/26,0
3330,2015/5/27,0
3330,2015/5/28,0
3330,2015/5/29,0
3330,2015/5/30,0
3401,2015/5/1,0
3401,2015/5/2,0
3401,2015/5/3,0
3401,2015/5/4,0
3401,2015/5/5,0
3401,2015/5/6,0
3401,2015/5/7,0
3401,2015/5/8,0
3401,2015/5/9,0
3401,2015/5/10,0
3401,2015/5/11,0
3401,2015/5/12,0
3401,2015/5/13,0
3401,2015/5/14,0
3401,2015/5/15,0
3401,2015/5/16,0
3401,2015/5/17,0
3401,2015/5/18,0
3401,2015/5/19,0
3401,2015/5/20,0
3401,2015/5/21,0
3401,2015/5/22,0
3401,2015/5/23,0
3401,2015/5/24,0
3401,2015/5/25,0
3401,2015/5/26,0
3401,2015/5/27,0
3401,2015/5/28,0
3401,2015/5/29,0
3401,2015/5/30,0
3402,2015/5/1,0
3402,2015/5/2,0
3402,2015/5/3,0
3402,2015/5/4,0
3402,2015/5/5,0
3402,2015/5/6,0
3402,2015/5/7,0
3402,2015/5/8,0
3402,2015/5/9,0
3402,2015/5/10,0
3402,2015/5/11,0
3402,2015/5/12,0
3402,2015/5/13,0
3402,2015/5/14,0
3402,2015/5/15,0
3402,2015/5/16,0
3402,2015/5/17,0
3402,2015/5/18,0
3402,2015/5/19,0
3402,2015/5/20,0
3402,2015/5/21,0
3402,2015/5/22,0
3402,2015/5/23,0
3402,2015/5/24,0
3402,2015/5/25,0
3402,2015/5/26,0
3402,2015/5/27,0
3402,2015/5/28,0
3402,2015/5/29,0
3402,2015/5/30,0
3403,2015/5/1,0
3403,2015/5/2,0
3403,2015/5/3,0
3403,2015/5/4,0
3403,2015/5/5,0
3403,2015/5/6,0
3403,2015/5/7,0
3403,2015/5/8,0
3403,2015/5/9,0
3403,2015/5/10,0
3403,2015/5/11,0
3403,2015/5/12,0
3403,2015/5/13,0
3403,2015/5/14,0
3403,2015/5/15,0
3403,2015/5/16,0
3403,2015/5/17,0
3403,2015/5/18,0
3403,2015/5/19,0
3403,2015/5/20,0
3403,2015/5/21,0
3403,2015/5/22,0
3403,2015/5/23,0
3403,2015/5/24,0
3403,2015/5/25,0
3403,2015/5/26,0
3403,2015/5/27,0
3403,2015/5/28,0
3403,2015/5/29,0
3403,2015/5/30,0
3404,2015/5/1,0
3404,2015/5/2,0
3404,2015/5/3,0
3404,2015/5/4,0
3404,2015/5/5,0
3404,2015/5/6,0
3404,2015/5/7,0
3404,2015/5/8,0
3404,2015/5/9,0
3404,2015/5/10,0
3404,2015/5/11,0
3404,2015/5/12,0
3404,2015/5/13,0
3404,2015/5/14,0
3404,2015/5/15,0
3404,2015/5/16,0
3404,2015/5/17,0
3404,2015/5/18,0
3404,2015/5/19,0
3404,2015/5/20,0
3404,2015/5/21,0
3404,2015/5/22,0
3404,2015/5/23,0
3404,2015/5/24,0
3404,2015/5/25,0
3404,2015/5/26,0
3404,2015/5/27,0
3404,2015/5/28,0
3404,2015/5/29,0
3404,2015/5/30,0
3406,2015/5/1,0
3406,2015/5/2,0
3406,2015/5/3,0
3406,2015/5/4,0
3406,2015/5/5,0
3406,2015/5/6,0
3406,2015/5/7,0
3406,2015/5/8,0
3406,2015/5/9,0
3406,2015/5/10,0
3406,2015/5/11,0
3406,2015/5/12,0
3406,2015/5/13,0
3406,2015/5/14,0
3406,2015/5/15,0
3406,2015/5/16,0
3406,2015/5/17,0
3406,2015/5/18,0
3406,2015/5/19,0
3406,2015/5/20,0
3406,2015/5/21,0
3406,2015/5/22,0
3406,2015/5/23,0
3406,2015/5/24,0
3406,2015/5/25,0
3406,2015/5/26,0
3406,2015/5/27,0
3406,2015/5/28,0
3406,2015/5/29,0
3406,2015/5/30,0
3407,2015/5/1,1
3407,2015/5/2,0
3407,2015/5/3,0
3407,2015/5/4,0
3407,2015/5/5,0
3407,2015/5/6,1
3407,2015/5/7,0
3407,2015/5/8,0
3407,2015/5/9,0
3407,2015/5/10,0
3407,2015/5/11,0
3407,2015/5/12,0
3407,2015/5/13,1
3407,2015/5/14,0
3407,2015/5/15,0
3407,2015/5/16,0
3407,2015/5/17,0
3407,2015/5/18,0
3407,2015/5/19,0
3407,2015/5/20,1
3407,2015/5/21,0
3407,2015/5/22,0
3407,2015/5/23,0
3407,2015/5/24,0
3407,2015/5/25,0
3407,2015/5/26,0
3407,2015/5/27,1
3407,2015/5/28,0
3407,2015/5/29,0
3407,2015/5/30,0
3408,2015/5/1,0
3408,2015/5/2,0
3408,2015/5/3,0
3408,2015/5/4,0
3408,2015/5/5,0
3408,2015/5/6,0
3408,2015/5/7,0
3408,2015/5/8,0
3408,2015/5/9,0
3408,2015/5/10,0
3408,2015/5/11,0
3408,2015/5/12,0
3408,2015/5/13,0
3408,2015/5/14,0
3408,2015/5/15,0
3408,2015/5/16,0
3408,2015/5/17,0
3408,2015/5/18,0
3408,2015/5/19,0
3408,2015/5/20,0
3408,2015/5/21,0
3408,2015/5/22,0
3408,2015/5/23,0
3408,2015/5/24,0
3408,2015/5/25,0
3408,2015/5/26,0
3408,2015/5/27,0
3408,2015/5/28,0
3408,2015/5/29,0
3408,2015/5/30,0
3409,2015/5/1,0
3409,2015/5/2,0
3409,2015/5/3,0
3409,2015/5/4,0
3409,2015/5/5,0
3409,2015/5/6,0
3409,2015/5/7,0
3409,2015/5/8,0
3409,2015/5/9,0
3409,2015/5/10,0
3409,2015/5/11,0
3409,2015/5/12,0
3409,2015/5/13,0
3409,2015/5/14,0
3409,2015/5/15,0
3409,2015/5/16,0
3409,2015/5/17,0
3409,2015/5/18,0
3409,2015/5/19,0
3409,2015/5/20,0
3409,2015/5/21,0
3409,2015/5/22,0
3409,2015/5/23,0
3409,2015/5/24,0
3409,2015/5/25,0
3409,2015/5/26,0
3409,2015/5/27,0
3409,2015/5/28,0
3409,2015/5/29,0
3409,2015/5/30,0
3410,2015/5/1,0
3410,2015/5/2,0
3410,2015/5/3,0
3410,2015/5/4,0
3410,2015/5/5,0
3410,2015/5/6,0
3410,2015/5/7,0
3410,2015/5/8,0
3410,2015/5/9,0
3410,2015/5/10,0
3410,2015/5/11,0
3410,2015/5/12,0
3410,2015/5/13,0
3410,2015/5/14,0
3410,2015/5/15,0
3410,2015/5/16,0
3410,2015/5/17,0
3410,2015/5/18,0
3410,2015/5/19,0
3410,2015/5/20,0
3410,2015/5/21,0
3410,2015/5/22,0
3410,2015/5/23,0
3410,2015/5/24,0
3410,2015/5/25,0
3410,2015/5/26,0
3410,2015/5/27,0
3410,2015/5/28,0
3410,2015/5/29,0
3410,2015/5/30,0
3412,2015/5/1,1
3412,2015/5/2,0
3412,2015/5/3,0
3412,2015/5/4,0
3412,2015/5/5,0
3412,2015/5/6,0
3412,2015/5/7,0
3412,2015/5/8,0
3412,2015/5/9,0
3412,2015/5/10,0
3412,2015/5/11,0
3412,2015/5/12,0
3412,2015/5/13,0
3412,2015/5/14,0
3412,2015/5/15,0
3412,2015/5/16,0
3412,2015/5/17,0
3412,2015/5/18,0
3412,2015/5/19,0
3412,2015/5/20,0
3412,2015/5/21,0
3412,2015/5/22,0
3412,2015/5/23,0
3412,2015/5/24,0
3412,2015/5/25,0
3412,2015/5/26,0
3412,2015/5/27,0
3412,2015/5/28,0
3412,2015/5/29,0
3412,2015/5/30,0
3415,2015/5/1,0
3415,2015/5/2,0
3415,2015/5/3,0
3415,2015/5/4,0
3415,2015/5/5,0
3415,2015/5/6,0
3415,2015/5/7,0
3415,2015/5/8,0
3415,2015/5/9,0
3415,2015/5/10,0
3415,2015/5/11,0
3415,2015/5/12,0
3415,2015/5/13,0
3415,2015/5/14,0
3415,2015/5/15,0
3415,2015/5/16,0
3415,2015/5/17,0
3415,2015/5/18,0
3415,2015/5/19,0
3415,2015/5/20,0
3415,2015/5/21,0
3415,2015/5/22,0
3415,2015/5/23,0
3415,2015/5/24,0
3415,2015/5/25,0
3415,2015/5/26,0
3415,2015/5/27,0
3415,2015/5/28,0
3415,2015/5/29,0
3415,2015/5/30,0
3416,2015/5/1,0
3416,2015/5/2,0
3416,2015/5/3,0
3416,2015/5/4,0
3416,2015/5/5,0
3416,2015/5/6,0
3416,2015/5/7,0
3416,2015/5/8,0
3416,2015/5/9,0
3416,2015/5/10,0
3416,2015/5/11,0
3416,2015/5/12,0
3416,2015/5/13,0
3416,2015/5/14,0
3416,2015/5/15,0
3416,2015/5/16,0
3416,2015/5/17,0
3416,2015/5/18,0
3416,2015/5/19,0
3416,2015/5/20,0
3416,2015/5/21,0
3416,2015/5/22,0
3416,2015/5/23,0
3416,2015/5/24,0
3416,2015/5/25,0
3416,2015/5/26,0
3416,2015/5/27,0
3416,2015/5/28,0
3416,2015/5/29,0
3416,2015/5/30,0
3417,2015/5/1,0
3417,2015/5/2,0
3417,2015/5/3,0
3417,2015/5/4,0
3417,2015/5/5,0
3417,2015/5/6,0
3417,2015/5/7,0
3417,2015/5/8,0
3417,2015/5/9,0
3417,2015/5/10,0
3417,2015/5/11,0
3417,2015/5/12,0
3417,2015/5/13,0
3417,2015/5/14,0
3417,2015/5/15,0
3417,2015/5/16,0
3417,2015/5/17,0
3417,2015/5/18,0
3417,2015/5/19,0
3417,2015/5/20,0
3417,2015/5/21,0
3417,2015/5/22,0
3417,2015/5/23,0
3417,2015/5/24,0
3417,2015/5/25,0
3417,2015/5/26,0
3417,2015/5/27,0
3417,2015/5/28,0
3417,2015/5/29,0
3417,2015/5/30,0
3419,2015/5/1,0
3419,2015/5/2,0
3419,2015/5/3,0
3419,2015/5/4,0
3419,2015/5/5,0
3419,2015/5/6,0
3419,2015/5/7,0
3419,2015/5/8,0
3419,2015/5/9,0
3419,2015/5/10,0
3419,2015/5/11,0
3419,2015/5/12,0
3419,2015/5/13,0
3419,2015/5/14,0
3419,2015/5/15,0
3419,2015/5/16,0
3419,2015/5/17,0
3419,2015/5/18,0
3419,2015/5/19,0
3419,2015/5/20,0
3419,2015/5/21,0
3419,2015/5/22,0
3419,2015/5/23,0
3419,2015/5/24,0
3419,2015/5/25,0
3419,2015/5/26,0
3419,2015/5/27,0
3419,2015/5/28,0
3419,2015/5/29,0
3419,2015/5/30,0
3423,2015/5/1,0
3423,2015/5/2,0
3423,2015/5/3,0
3423,2015/5/4,0
3423,2015/5/5,0
3423,2015/5/6,1
3423,2015/5/7,0
3423,2015/5/8,0
3423,2015/5/9,0
3423,2015/5/10,0
3423,2015/5/11,0
3423,2015/5/12,0
3423,2015/5/13,1
3423,2015/5/14,0
3423,2015/5/15,0
3423,2015/5/16,0
3423,2015/5/17,0
3423,2015/5/18,0
3423,2015/5/19,0
3423,2015/5/20,1
3423,2015/5/21,0
3423,2015/5/22,0
3423,2015/5/23,0
3423,2015/5/24,0
3423,2015/5/25,0
3423,2015/5/26,0
3423,2015/5/27,1
3423,2015/5/28,0
3423,2015/5/29,0
3423,2015/5/30,1
3424,2015/5/1,0
3424,2015/5/2,0
3424,2015/5/3,0
3424,2015/5/4,0
3424,2015/5/5,0
3424,2015/5/6,1
3424,2015/5/7,0
3424,2015/5/8,0
3424,2015/5/9,0
3424,2015/5/10,0
3424,2015/5/11,0
3424,2015/5/12,0
3424,2015/5/13,1
3424,2015/5/14,0
3424,2015/5/15,0
3424,2015/5/16,0
3424,2015/5/17,0
3424,2015/5/18,0
3424,2015/5/19,0
3424,2015/5/20,1
3424,2015/5/21,0
3424,2015/5/22,0
3424,2015/5/23,0
3424,2015/5/24,0
3424,2015/5/25,0
3424,2015/5/26,0
3424,2015/5/27,1
3424,2015/5/28,0
3424,2015/5/29,0
3424,2015/5/30,0
3426,2015/5/1,0
3426,2015/5/2,0
3426,2015/5/3,0
3426,2015/5/4,0
3426,2015/5/5,0
3426,2015/5/6,0
3426,2015/5/7,0
3426,2015/5/8,0
3426,2015/5/9,0
3426,2015/5/10,0
3426,2015/5/11,0
3426,2015/5/12,0
3426,2015/5/13,0
3426,2015/5/14,0
3426,2015/5/15,0
3426,2015/5/16,0
3426,2015/5/17,0
3426,2015/5/18,0
3426,2015/5/19,0
3426,2015/5/20,0
3426,2015/5/21,0
3426,2015/5/22,0
3426,2015/5/23,0
3426,2015/5/24,0
3426,2015/5/25,0
3426,2015/5/26,0
3426,2015/5/27,0
3426,2015/5/28,0
3426,2015/5/29,0
3426,2015/5/30,0
3427,2015/5/1,0
3427,2015/5/2,0
3427,2015/5/3,0
3427,2015/5/4,0
3427,2015/5/5,0
3427,2015/5/6,0
3427,2015/5/7,0
3427,2015/5/8,0
3427,2015/5/9,0
3427,2015/5/10,0
3427,2015/5/11,0
3427,2015/5/12,0
3427,2015/5/13,0
3427,2015/5/14,0
3427,2015/5/15,0
3427,2015/5/16,0
3427,2015/5/17,0
3427,2015/5/18,0
3427,2015/5/19,0
3427,2015/5/20,0
3427,2015/5/21,0
3427,2015/5/22,0
3427,2015/5/23,0
3427,2015/5/24,0
3427,2015/5/25,0
3427,2015/5/26,0
3427,2015/5/27,0
3427,2015/5/28,0
3427,2015/5/29,0
3427,2015/5/30,0
3428,2015/5/1,0
3428,2015/5/2,0
3428,2015/5/3,0
3428,2015/5/4,0
3428,2015/5/5,0
3428,2015/5/6,0
3428,2015/5/7,0
3428,2015/5/8,0
3428,2015/5/9,0
3428,2015/5/10,0
3428,2015/5/11,0
3428,2015/5/12,0
3428,2015/5/13,0
3428,2015/5/14,0
3428,2015/5/15,0
3428,2015/5/16,0
3428,2015/5/17,0
3428,2015/5/18,0
3428,2015/5/19,0
3428,2015/5/20,0
3428,2015/5/21,0
3428,2015/5/22,0
3428,2015/5/23,0
3428,2015/5/24,0
3428,2015/5/25,0
3428,2015/5/26,0
3428,2015/5/27,0
3428,2015/5/28,0
3428,2015/5/29,0
3428,2015/5/30,0
3429,2015/5/1,0
3429,2015/5/2,0
3429,2015/5/3,0
3429,2015/5/4,0
3429,2015/5/5,0
3429,2015/5/6,0
3429,2015/5/7,0
3429,2015/5/8,0
3429,2015/5/9,0
3429,2015/5/10,0
3429,2015/5/11,0
3429,2015/5/12,0
3429,2015/5/13,0
3429,2015/5/14,0
3429,2015/5/15,0
3429,2015/5/16,0
3429,2015/5/17,0
3429,2015/5/18,0
3429,2015/5/19,0
3429,2015/5/20,0
3429,2015/5/21,0
3429,2015/5/22,0
3429,2015/5/23,0
3429,2015/5/24,0
3429,2015/5/25,0
3429,2015/5/26,0
3429,2015/5/27,0
3429,2015/5/28,0
3429,2015/5/29,0
3429,2015/5/30,0
3431,2015/5/1,0
3431,2015/5/2,0
3431,2015/5/3,0
3431,2015/5/4,0
3431,2015/5/5,0
3431,2015/5/6,0
3431,2015/5/7,0
3431,2015/5/8,0
3431,2015/5/9,0
3431,2015/5/10,0
3431,2015/5/11,0
3431,2015/5/12,0
3431,2015/5/13,0
3431,2015/5/14,0
3431,2015/5/15,0
3431,2015/5/16,0
3431,2015/5/17,0
3431,2015/5/18,0
3431,2015/5/19,0
3431,2015/5/20,0
3431,2015/5/21,0
3431,2015/5/22,0
3431,2015/5/23,0
3431,2015/5/24,0
3431,2015/5/25,0
3431,2015/5/26,0
3431,2015/5/27,0
3431,2015/5/28,0
3431,2015/5/29,0
3431,2015/5/30,0
3432,2015/5/1,0
3432,2015/5/2,0
3432,2015/5/3,0
3432,2015/5/4,0
3432,2015/5/5,0
3432,2015/5/6,0
3432,2015/5/7,0
3432,2015/5/8,0
3432,2015/5/9,0
3432,2015/5/10,0
3432,2015/5/11,0
3432,2015/5/12,0
3432,2015/5/13,0
3432,2015/5/14,0
3432,2015/5/15,0
3432,2015/5/16,0
3432,2015/5/17,0
3432,2015/5/18,0
3432,2015/5/19,0
3432,2015/5/20,0
3432,2015/5/21,0
3432,2015/5/22,0
3432,2015/5/23,0
3432,2015/5/24,0
3432,2015/5/25,0
3432,2015/5/26,0
3432,2015/5/27,0
3432,2015/5/28,0
3432,2015/5/29,0
3432,2015/5/30,0
3436,2015/5/1,0
3436,2015/5/2,0
3436,2015/5/3,0
3436,2015/5/4,0
3436,2015/5/5,0
3436,2015/5/6,0
3436,2015/5/7,0
3436,2015/5/8,0
3436,2015/5/9,0
3436,2015/5/10,0
3436,2015/5/11,0
3436,2015/5/12,0
3436,2015/5/13,0
3436,2015/5/14,0
3436,2015/5/15,0
3436,2015/5/16,0
3436,2015/5/17,0
3436,2015/5/18,0
3436,2015/5/19,0
3436,2015/5/20,0
3436,2015/5/21,0
3436,2015/5/22,0
3436,2015/5/23,0
3436,2015/5/24,0
3436,2015/5/25,0
3436,2015/5/26,0
3436,2015/5/27,0
3436,2015/5/28,0
3436,2015/5/29,0
3436,2015/5/30,0
10,2015/5/1,0
10,2015/5/2,0
10,2015/5/3,0
10,2015/5/4,0
10,2015/5/5,0
10,2015/5/6,0
10,2015/5/7,0
10,2015/5/8,0
10,2015/5/9,0
10,2015/5/10,0
10,2015/5/11,0
10,2015/5/12,0
10,2015/5/13,0
10,2015/5/14,0
10,2015/5/15,0
10,2015/5/16,0
10,2015/5/17,0
10,2015/5/18,0
10,2015/5/19,0
10,2015/5/20,0
10,2015/5/21,0
10,2015/5/22,0
10,2015/5/23,0
10,2015/5/24,0
10,2015/5/25,0
10,2015/5/26,0
10,2015/5/27,0
10,2015/5/28,0
10,2015/5/29,0
10,2015/5/30,0
11,2015/5/1,0
11,2015/5/2,0
11,2015/5/3,0
11,2015/5/4,0
11,2015/5/5,0
11,2015/5/6,0
11,2015/5/7,0
11,2015/5/8,0
11,2015/5/9,0
11,2015/5/10,0
11,2015/5/11,0
11,2015/5/12,0
11,2015/5/13,0
11,2015/5/14,0
11,2015/5/15,0
11,2015/5/16,0
11,2015/5/17,0
11,2015/5/18,0
11,2015/5/19,0
11,2015/5/20,0
11,2015/5/21,0
11,2015/5/22,0
11,2015/5/23,0
11,2015/5/24,0
11,2015/5/25,0
11,2015/5/26,0
11,2015/5/27,0
11,2015/5/28,0
11,2015/5/29,0
11,2015/5/30,0
12,2015/5/1,0
12,2015/5/2,0
12,2015/5/3,0
12,2015/5/4,0
12,2015/5/5,0
12,2015/5/6,0
12,2015/5/7,0
12,2015/5/8,0
12,2015/5/9,0
12,2015/5/10,0
12,2015/5/11,0
12,2015/5/12,0
12,2015/5/13,0
12,2015/5/14,0
12,2015/5/15,0
12,2015/5/16,0
12,2015/5/17,0
12,2015/5/18,0
12,2015/5/19,0
12,2015/5/20,0
12,2015/5/21,0
12,2015/5/22,0
12,2015/5/23,0
12,2015/5/24,0
12,2015/5/25,0
12,2015/5/26,0
12,2015/5/27,0
12,2015/5/28,0
12,2015/5/29,0
12,2015/5/30,0
13,2015/5/1,0
13,2015/5/2,0
13,2015/5/3,0
13,2015/5/4,0
13,2015/5/5,0
13,2015/5/6,0
13,2015/5/7,0
13,2015/5/8,0
13,2015/5/9,0
13,2015/5/10,0
13,2015/5/11,0
13,2015/5/12,0
13,2015/5/13,0
13,2015/5/14,0
13,2015/5/15,0
13,2015/5/16,0
13,2015/5/17,0
13,2015/5/18,0
13,2015/5/19,0
13,2015/5/20,0
13,2015/5/21,0
13,2015/5/22,0
13,2015/5/23,0
13,2015/5/24,0
13,2015/5/25,0
13,2015/5/26,0
13,2015/5/27,0
13,2015/5/28,0
13,2015/5/29,0
13,2015/5/30,0
14,2015/5/1,0
14,2015/5/2,0
14,2015/5/3,0
14,2015/5/4,0
14,2015/5/5,0
14,2015/5/6,0
14,2015/5/7,0
14,2015/5/8,0
14,2015/5/9,0
14,2015/5/10,0
14,2015/5/11,0
14,2015/5/12,0
14,2015/5/13,0
14,2015/5/14,0
14,2015/5/15,0
14,2015/5/16,0
14,2015/5/17,0
14,2015/5/18,0
14,2015/5/19,0
14,2015/5/20,0
14,2015/5/21,0
14,2015/5/22,0
14,2015/5/23,0
14,2015/5/24,0
14,2015/5/25,0
14,2015/5/26,0
14,2015/5/27,0
14,2015/5/28,0
14,2015/5/29,0
14,2015/5/30,0
15,2015/5/1,18
15,2015/5/2,7
15,2015/5/3,7
15,2015/5/4,1
15,2015/5/5,11
15,2015/5/6,20
15,2015/5/7,8
15,2015/5/8,10
15,2015/5/9,10
15,2015/5/10,10
15,2015/5/11,12
15,2015/5/12,11
15,2015/5/13,20
15,2015/5/14,7
15,2015/5/15,9
15,2015/5/16,10
15,2015/5/17,10
15,2015/5/18,12
15,2015/5/19,11
15,2015/5/20,20
15,2015/5/21,7
15,2015/5/22,9
15,2015/5/23,10
15,2015/5/24,9
15,2015/5/25,12
15,2015/5/26,11
15,2015/5/27,20
15,2015/5/28,7
15,2015/5/29,9
15,2015/5/30,9
20,2015/5/1,8
20,2015/5/2,2
20,2015/5/3,1
20,2015/5/4,1
20,2015/5/5,7
20,2015/5/6,13
20,2015/5/7,6
20,2015/5/8,5
20,2015/5/9,4
20,2015/5/10,4
20,2015/5/11,6
20,2015/5/12,7
20,2015/5/13,13
20,2015/5/14,6
20,2015/5/15,5
20,2015/5/16,4
20,2015/5/17,4
20,2015/5/18,6
20,2015/5/19,7
20,2015/5/20,13
20,2015/5/21,6
20,2015/5/22,5
20,2015/5/23,4
20,2015/5/24,4
20,2015/5/25,6
20,2015/5/26,7
20,2015/5/27,13
20,2015/5/28,6
20,2015/5/29,5
20,2015/5/30,4
21,2015/5/1,1
21,2015/5/2,0
21,2015/5/3,0
21,2015/5/4,0
21,2015/5/5,1
21,2015/5/6,1
21,2015/5/7,0
21,2015/5/8,0
21,2015/5/9,0
21,2015/5/10,0
21,2015/5/11,1
21,2015/5/12,1
21,2015/5/13,1
21,2015/5/14,0
21,2015/5/15,0
21,2015/5/16,0
21,2015/5/17,0
21,2015/5/18,1
21,2015/5/19,1
21,2015/5/20,1
21,2015/5/21,0
21,2015/5/22,0
21,2015/5/23,0
21,2015/5/24,0
21,2015/5/25,0
21,2015/5/26,1
21,2015/5/27,1
21,2015/5/28,0
21,2015/5/29,0
21,2015/5/30,0
22,2015/5/1,29
22,2015/5/2,11
22,2015/5/3,13
22,2015/5/4,1
22,2015/5/5,20
22,2015/5/6,34
22,2015/5/7,16
22,2015/5/8,18
22,2015/5/9,17
22,2015/5/10,18
22,2015/5/11,18
22,2015/5/12,20
22,2015/5/13,34
22,2015/5/14,16
22,2015/5/15,18
22,2015/5/16,17
22,2015/5/17,18
22,2015/5/18,18
22,2015/5/19,20
22,2015/5/20,34
22,2015/5/21,16
22,2015/5/22,18
22,2015/5/23,17
22,2015/5/24,19
22,2015/5/25,18
22,2015/5/26,20
22,2015/5/27,34
22,2015/5/28,16
22,2015/5/29,18
22,2015/5/30,17
23,2015/5/1,8
23,2015/5/2,1
23,2015/5/3,1
23,2015/5/4,0
23,2015/5/5,3
23,2015/5/6,3
23,2015/5/7,1
23,2015/5/8,1
23,2015/5/9,1
23,2015/5/10,1
23,2015/5/11,1
23,2015/5/12,3
23,2015/5/13,3
23,2015/5/14,1
23,2015/5/15,1
23,2015/5/16,1
23,2015/5/17,1
23,2015/5/18,1
23,2015/5/19,3
23,2015/5/20,3
23,2015/5/21,1
23,2015/5/22,1
23,2015/5/23,1
23,2015/5/24,1
23,2015/5/25,1
23,2015/5/26,3
23,2015/5/27,3
23,2015/5/28,1
23,2015/5/29,1
23,2015/5/30,1
30,2015/5/1,6
30,2015/5/2,6
30,2015/5/3,4
30,2015/5/4,6
30,2015/5/5,10
30,2015/5/6,18
30,2015/5/7,7
30,2015/5/8,6
30,2015/5/9,8
30,2015/5/10,7
30,2015/5/11,9
30,2015/5/12,10
30,2015/5/13,18
30,2015/5/14,7
30,2015/5/15,6
30,2015/5/16,8
30,2015/5/17,7
30,2015/5/18,9
30,2015/5/19,10
30,2015/5/20,18
30,2015/5/21,7
30,2015/5/22,6
30,2015/5/23,8
30,2015/5/24,7
30,2015/5/25,9
30,2015/5/26,10
30,2015/5/27,17
30,2015/5/28,7
30,2015/5/29,6
30,2015/5/30,8
31,2015/5/1,1
31,2015/5/2,0
31,2015/5/3,0
31,2015/5/4,0
31,2015/5/5,1
31,2015/5/6,1
31,2015/5/7,0
31,2015/5/8,0
31,2015/5/9,0
31,2015/5/10,1
31,2015/5/11,1
31,2015/5/12,1
31,2015/5/13,1
31,2015/5/14,0
31,2015/5/15,0
31,2015/5/16,0
31,2015/5/17,1
31,2015/5/18,0
31,2015/5/19,1
31,2015/5/20,1
31,2015/5/21,0
31,2015/5/22,0
31,2015/5/23,0
31,2015/5/24,0
31,2015/5/25,0
31,2015/5/26,1
31,2015/5/27,1
31,2015/5/28,0
31,2015/5/29,0
31,2015/5/30,0
32,2015/5/1,0
32,2015/5/2,0
32,2015/5/3,0
32,2015/5/4,0
32,2015/5/5,0
32,2015/5/6,0
32,2015/5/7,0
32,2015/5/8,0
32,2015/5/9,0
32,2015/5/10,0
32,2015/5/11,0
32,2015/5/12,0
32,2015/5/13,0
32,2015/5/14,0
32,2015/5/15,0
32,2015/5/16,0
32,2015/5/17,0
32,2015/5/18,0
32,2015/5/19,0
32,2015/5/20,0
32,2015/5/21,0
32,2015/5/22,0
32,2015/5/23,0
32,2015/5/24,0
32,2015/5/25,0
32,2015/5/26,0
32,2015/5/27,0
32,2015/5/28,0
32,2015/5/29,0
32,2015/5/30,0
33,2015/5/1,1
33,2015/5/2,0
33,2015/5/3,1
33,2015/5/4,0
33,2015/5/5,0
33,2015/5/6,1
33,2015/5/7,0
33,2015/5/8,0
33,2015/5/9,0
33,2015/5/10,0
33,2015/5/11,0
33,2015/5/12,0
33,2015/5/13,1
33,2015/5/14,0
33,2015/5/15,0
33,2015/5/16,0
33,2015/5/17,0
33,2015/5/18,0
33,2015/5/19,0
33,2015/5/20,1
33,2015/5/21,0
33,2015/5/22,0
33,2015/5/23,0
33,2015/5/24,0
33,2015/5/25,0
33,2015/5/26,0
33,2015/5/27,1
33,2015/5/28,0
33,2015/5/29,0
33,2015/5/30,0
34,2015/5/1,1
34,2015/5/2,0
34,2015/5/3,0
34,2015/5/4,0
34,2015/5/5,1
34,2015/5/6,1
34,2015/5/7,0
34,2015/5/8,1
34,2015/5/9,1
34,2015/5/10,1
34,2015/5/11,1
34,2015/5/12,1
34,2015/5/13,1
34,2015/5/14,0
34,2015/5/15,1
34,2015/5/16,1
34,2015/5/17,1
34,2015/5/18,1
34,2015/5/19,1
34,2015/5/20,1
34,2015/5/21,0
34,2015/5/22,1
34,2015/5/23,1
34,2015/5/24,1
34,2015/5/25,1
34,2015/5/26,1
34,2015/5/27,1
34,2015/5/28,0
34,2015/5/29,1
34,2015/5/30,1
