Class,SaleDate,saleCount,Coupon,holidayCluster,disHoliday,month,dayOfWeek,dayOfYear,weekOfYear,parClass,cumType,parCumType,hotIndex,parHotIndex,wkDaySaleCount_median,wkDaySaleCount_mean,wkDaySaleCount_max,wkDaySaleCount_min,holDaySaleCount_median,holDaySaleCount_mean,holDaySaleCount_max,holDaySaleCount_min,wkHolRatio,bonusRatio,bonusHolRatio,bonusNotHolRatio,bonusWeekProb
1001,2015-04-29,0,0.0,1,0.6,4,2,119,18,10,175.86,157.19,0.07556,0.33148,7.5,8.95,35,0,5.0,5.35,16,0,3.33023255814,0.0,0.0,0.0,0.0
1001,2015-04-30,0,0.0,1,0.8,4,3,120,18,10,175.86,157.19,0.23107,0.33148,7.5,8.95,35,0,5.0,5.35,16,0,3.33023255814,0.0,0.0,0.0,0.0
1002,2015-04-29,0,0.0,1,0.6,4,2,119,18,10,6.24,157.19,0.0146,0.1372,0.0,0.275,2,0,0.0,0.275,2,0,1.83333333333,0.0,0.0,0.0,0.0
1002,2015-04-30,0,0.0,1,0.8,4,3,120,18,10,6.24,157.19,0.00892,0.1372,0.0,0.275,2,0,0.0,0.275,2,0,1.83333333333,0.0,0.0,0.0,0.0
1004,2015-04-29,0,0.0,1,0.6,4,2,119,18,10,42.17,157.19,0.23107,0.33148,1.0,2.1375,9,0,1.0,1.3,4,0,3.22641509434,0.0,0.0,0.0,0.0
1004,2015-04-30,0,0.0,1,0.8,4,3,120,18,10,42.17,157.19,0.00117,0.00624,1.0,2.1375,9,0,1.0,1.3,4,0,3.22641509434,0.0,0.0,0.0,0.0
1005,2015-04-29,0,0.0,1,0.6,4,2,119,18,10,5.67,157.19,0.01107,0.1372,0.0,0.3125,4,0,0.0,0.125,2,0,4.16666666667,0.0,0.0,0.0,0.0
1005,2015-04-30,0,0.0,1,0.8,4,3,120,18,10,5.67,157.19,0.006,0.20668,0.0,0.3125,4,0,0.0,0.125,2,0,4.16666666667,0.0,0.0,0.0,0.0
1006,2015-04-29,0,0.0,1,0.6,4,2,119,18,10,2.13,157.19,0.01287,0.1372,0.0,0.0875,1,0,0.0,0.125,1,0,1.16666666667,0.0,0.0,0.0,0.0
1006,2015-04-30,0,0.0,1,0.8,4,3,120,18,10,2.13,157.19,0.00892,0.1372,0.0,0.0875,1,0,0.0,0.125,1,0,1.16666666667,0.0,0.0,0.0,0.0
1007,2015-04-29,0,0.0,1,0.6,4,2,119,18,10,0.76,157.19,0.01042,0.02076,0.0,0.05,2,0,0.0,0.0,0,0,4.0,0.0,0.0,0.0,0.0
1007,2015-04-30,0,0.0,1,0.8,4,3,120,18,10,0.76,157.19,0.00318,0.04445,0.0,0.05,2,0,0.0,0.0,0,0,4.0,0.0,0.0,0.0,0.0
1099,2015-04-29,0,0.0,1,0.6,4,2,119,18,10,1.89,157.19,0.0025,0.04445,0.0,0.1125,2,0,0.0,0.025,1,0,4.5,0.0,0.0,0.0,0.0
1099,2015-04-30,0,0.0,1,0.8,4,3,120,18,10,1.89,157.19,0.07556,0.33148,0.0,0.1125,2,0,0.0,0.025,1,0,4.5,0.0,0.0,0.0,0.0
1101,2015-04-29,0,0.0,1,0.6,4,2,119,18,11,16.45,36.87,0.23107,0.33148,0.0,0.7375,6,0,1.0,0.7,4,0,2.03448275862,0.0,0.0,0.0,0.0
1101,2015-04-30,0,0.0,1,0.8,4,3,120,18,11,16.45,36.87,0.07556,0.33148,0.0,0.7375,6,0,1.0,0.7,4,0,2.03448275862,0.0,0.0,0.0,0.0
1102,2015-04-29,0,0.0,1,0.6,4,2,119,18,11,12.48,36.87,0.23107,0.33148,0.0,0.7,4,0,0.0,0.25,3,0,5.09090909091,0.0,0.0,0.0,0.0
1102,2015-04-30,0,0.0,1,0.8,4,3,120,18,11,12.48,36.87,0.23107,0.33148,0.0,0.7,4,0,0.0,0.25,3,0,5.09090909091,0.0,0.0,0.0,0.0
1103,2015-04-29,0,0.0,1,0.6,4,2,119,18,11,6.24,36.87,0.23107,0.33148,0.0,0.3375,7,0,0.0,0.15,1,0,3.85714285714,0.0,0.0,0.0,0.0
1103,2015-04-30,0,0.0,1,0.8,4,3,120,18,11,6.24,36.87,0.01434,0.20668,0.0,0.3375,7,0,0.0,0.15,1,0,3.85714285714,0.0,0.0,0.0,0.0
1104,2015-04-29,0,0.0,1,0.6,4,2,119,18,11,1.7,36.87,0.006,0.20668,0.0,0.05,1,0,0.0,0.125,2,0,0.666666666667,0.0,0.0,0.0,0.0
1104,2015-04-30,0,0.0,1,0.8,4,3,120,18,11,1.7,36.87,0.006,0.20668,0.0,0.05,1,0,0.0,0.125,2,0,0.666666666667,0.0,0.0,0.0,0.0
1201,2015-04-29,0,0.0,1,0.6,4,2,119,18,12,1870.77,2683.71,0.00663,0.20668,86.0,87.3375,161,0,73.0,72.65,148,0,2.40350877193,0.0,0.0,0.0,0.0
1201,2015-04-30,0,0.0,1,0.8,4,3,120,18,12,1870.77,2683.71,0.23107,0.33148,86.0,87.3375,161,0,73.0,72.65,148,0,2.40350877193,0.0,0.0,0.0,0.0
1202,2015-04-29,0,0.0,1,0.6,4,2,119,18,12,171.14,2683.71,0.00131,0.0138,8.0,8.225,20,0,6.0,6.175,16,0,2.65322580645,0.0,0.0,0.0,0.0
1202,2015-04-30,0,0.0,1,0.8,4,3,120,18,12,171.14,2683.71,0.00659,0.02076,8.0,8.225,20,0,6.0,6.175,16,0,2.65322580645,0.0,0.0,0.0,0.0
1203,2015-04-29,0,0.0,1,0.6,4,2,119,18,12,611.74,2683.71,0.02406,0.11165,27.0,28.8,84,0,23.5,23.275,44,0,2.47210300429,0.0,0.0,0.0,0.0
1203,2015-04-30,0,0.0,1,0.8,4,3,120,18,12,611.74,2683.71,0.02172,0.02901,27.0,28.8,84,0,23.5,23.275,44,0,2.47210300429,0.0,0.0,0.0,0.0
1205,2015-04-29,0,0.0,1,0.6,4,2,119,18,12,30.07,2683.71,0.00402,0.1372,1.0,1.6,8,0,0.5,0.775,4,0,4.0,0.0,0.0,0.0,0.0
1205,2015-04-30,0,0.0,1,0.8,4,3,120,18,12,30.07,2683.71,0.00521,0.02901,1.0,1.6,8,0,0.5,0.775,4,0,4.0,0.0,0.0,0.0,0.0
1301,2015-04-29,0,0.0,1,0.6,4,2,119,18,13,1.58,65.92,0.02455,0.11165,2.0,2.5,7,0,1.0,2.05,7,0,2.40963855422,0.0,0.0,0.0,0.0
1301,2015-04-30,0,0.0,1,0.8,4,3,120,18,13,1.58,65.92,0.01007,0.07166,2.0,2.5,7,0,1.0,2.05,7,0,2.40963855422,0.0,0.0,0.0,0.0
1302,2015-04-29,0,0.0,1,0.6,4,2,119,18,13,0.65,65.92,0.02406,0.11165,1.0,0.8125,5,0,0.0,0.875,5,0,1.80555555556,0.0,0.0,0.0,0.0
1302,2015-04-30,0,0.0,1,0.8,4,3,120,18,13,0.65,65.92,0.02235,0.07166,1.0,0.8125,5,0,0.0,0.875,5,0,1.80555555556,0.0,0.0,0.0,0.0
1306,2015-04-29,0,0.0,1,0.6,4,2,119,18,13,11.54,65.92,0.02396,0.1372,0.0,0.6125,8,0,0.0,0.3,3,0,3.76923076923,0.0,0.0,0.0,0.0
1306,2015-04-30,0,0.0,1,0.8,4,3,120,18,13,11.54,65.92,0.03772,0.20668,0.0,0.6125,8,0,0.0,0.3,3,0,3.76923076923,0.0,0.0,0.0,0.0
1308,2015-04-29,0,0.0,1,0.6,4,2,119,18,13,84.34,65.92,0.23107,0.33148,4.0,3.8875,14,0,3.0,3.375,11,0,2.28676470588,0.0,0.0,0.0,0.0
1308,2015-04-30,0,0.0,1,0.8,4,3,120,18,13,84.34,65.92,0.07556,0.33148,4.0,3.8875,14,0,3.0,3.375,11,0,2.28676470588,0.0,0.0,0.0,0.0
1402,2015-04-29,0,0.0,1,0.6,4,2,119,18,14,0.38,3.4,0.00768,0.04445,0.0,0.025,1,0,0.0,0.0,0,0,2.0,0.0,0.0,0.0,0.0
1402,2015-04-30,0,0.0,1,0.8,4,3,120,18,14,0.38,3.4,0.23107,0.33148,0.0,0.025,1,0,0.0,0.0,0,0,2.0,0.0,0.0,0.0,0.0
1403,2015-04-29,0,0.0,1,0.6,4,2,119,18,14,3.03,3.4,0.00304,0.0138,0.0,0.1625,4,0,0.0,0.075,1,0,3.25,0.0,0.0,0.0,0.0
1403,2015-04-30,0,0.0,1,0.8,4,3,120,18,14,3.03,3.4,0.00327,0.1372,0.0,0.1625,4,0,0.0,0.075,1,0,3.25,0.0,0.0,0.0,0.0
1501,2015-04-29,0,1.0,1,0.6,4,2,119,18,15,101.99,966.64,0.0053,0.1372,3.0,3.0,12,0,2.0,2.375,10,0,2.5,0.3228,0.3714,0.3027,0.228915662651
1501,2015-04-30,0,0.0,1,0.8,4,3,120,18,15,101.99,966.64,0.02534,0.20668,3.0,3.0,12,0,2.0,2.375,10,0,2.5,0.3228,0.3714,0.3027,0.156626506024
1502,2015-04-29,0,0.0,1,0.6,4,2,119,18,15,3.96,966.64,0.01446,0.07166,0.0,0.125,2,0,0.0,0.075,2,0,2.5,0.1667,0.0,0.2222,0.0
1502,2015-04-30,0,0.0,1,0.8,4,3,120,18,15,3.96,966.64,0.02235,0.07166,0.0,0.125,2,0,0.0,0.075,2,0,2.5,0.1667,0.0,0.2222,0.0
1503,2015-04-29,0,0.0,1,0.6,4,2,119,18,15,18.88,966.64,0.0025,0.04445,0.0,0.625,4,0,0.0,0.3,2,0,3.84615384615,0.1455,0.1818,0.1333,0.222222222222
1503,2015-04-30,0,0.0,1,0.8,4,3,120,18,15,18.88,966.64,0.0341,0.20668,0.0,0.625,4,0,0.0,0.3,2,0,3.84615384615,0.1455,0.1818,0.1333,0.0
1504,2015-04-29,0,0.0,1,0.6,4,2,119,18,15,8.83,966.64,0.00848,0.11165,0.0,0.2375,2,0,0.0,0.25,3,0,1.72727272727,0.0,0.0,0.0,0.0
1504,2015-04-30,0,0.0,1,0.8,4,3,120,18,15,8.83,966.64,0.02396,0.1372,0.0,0.2375,2,0,0.0,0.25,3,0,1.72727272727,0.0,0.0,0.0,0.0
1505,2015-04-29,0,15.0,1,0.6,4,2,119,18,15,359.56,966.64,0.01721,0.1372,10.0,9.9375,26,0,9.5,9.65,21,0,2.05426356589,0.9505,0.7354,1.0729,0.207972270364
1505,2015-04-30,0,9.0,1,0.8,4,3,120,18,15,359.56,966.64,0.00371,0.33148,10.0,9.9375,26,0,9.5,9.65,21,0,2.05426356589,0.9505,0.7354,1.0729,0.1143847487
1508,2015-04-29,0,0.0,1,0.6,4,2,119,18,15,33.49,966.64,0.0341,0.20668,1.0,1.075,4,0,0.0,0.6,3,0,3.44,0.2472,0.087,0.2985,0.217391304348
1508,2015-04-30,0,0.0,1,0.8,4,3,120,18,15,33.49,966.64,0.23107,0.33148,1.0,1.075,4,0,0.0,0.6,3,0,3.44,0.2472,0.087,0.2985,0.0869565217391
1509,2015-04-29,0,0.0,1,0.6,4,2,119,18,15,3.04,966.64,0.02114,0.33148,0.0,0.0875,2,0,0.0,0.075,1,0,1.75,0.1,0.3333,0.0,0.0
1509,2015-04-30,0,0.0,1,0.8,4,3,120,18,15,3.04,966.64,0.02172,0.02901,0.0,0.0875,2,0,0.0,0.075,1,0,1.75,0.1,0.3333,0.0,0.0
1510,2015-04-29,0,0.0,1,0.6,4,2,119,18,15,38.97,966.64,0.00965,0.1372,1.0,0.9625,4,0,1.0,1.275,13,0,1.48076923077,0.29,0.4857,0.1818,0.166666666667
1510,2015-04-30,0,0.0,1,0.8,4,3,120,18,15,38.97,966.64,0.00131,0.11165,1.0,0.9625,4,0,1.0,1.275,13,0,1.48076923077,0.29,0.4857,0.1818,0.0333333333333
1511,2015-04-29,0,0.0,1,0.6,4,2,119,18,15,3.65,966.64,0.23107,0.33148,0.0,0.0625,2,0,0.0,0.175,1,0,0.625,0.0,0.0,0.0,0.0
1511,2015-04-30,0,0.0,1,0.8,4,3,120,18,15,3.65,966.64,0.03758,0.20668,0.0,0.0625,2,0,0.0,0.175,1,0,0.625,0.0,0.0,0.0,0.0
1512,2015-04-29,0,0.0,1,0.6,4,2,119,18,15,28.01,966.64,0.0146,0.1372,0.0,0.7375,7,0,0.0,0.825,11,0,1.73529411765,0.5763,0.4783,0.6216,0.428571428571
1512,2015-04-30,0,0.0,1,0.8,4,3,120,18,15,28.01,966.64,0.01102,0.1372,0.0,0.7375,7,0,0.0,0.825,11,0,1.73529411765,0.5763,0.4783,0.6216,0.0857142857143
1513,2015-04-29,0,0.0,1,0.6,4,2,119,18,15,17.05,966.64,0.00848,0.11165,0.0,0.55,6,0,0.0,0.3,2,0,3.38461538462,0.2667,0.0,0.3636,0.615384615385
1513,2015-04-30,0,0.0,1,0.8,4,3,120,18,15,17.05,966.64,0.01721,0.1372,0.0,0.55,6,0,0.0,0.3,2,0,3.38461538462,0.2667,0.0,0.3636,0.0
1514,2015-04-29,0,0.0,1,0.6,4,2,119,18,15,0.61,966.64,0.00848,0.11165,0.0,0.025,1,0,0.0,0.0,0,0,2.0,0.0,0.0,0.0,0.0
1514,2015-04-30,0,0.0,1,0.8,4,3,120,18,15,0.61,966.64,0.00848,0.11165,0.0,0.025,1,0,0.0,0.0,0,0,2.0,0.0,0.0,0.0,0.0
1515,2015-04-29,0,0.0,1,0.6,4,2,119,18,15,26.79,966.64,0.0146,0.1372,0.0,0.7375,5,0,0.0,0.725,3,0,1.96666666667,0.6481,0.4286,0.7647,0.277777777778
1515,2015-04-30,0,0.0,1,0.8,4,3,120,18,15,26.79,966.64,0.00318,0.04445,0.0,0.7375,5,0,0.0,0.725,3,0,1.96666666667,0.6481,0.4286,0.7647,0.166666666667
1516,2015-04-29,0,0.0,1,0.6,4,2,119,18,15,5.18,966.64,0.03758,0.20668,0.0,0.175,5,0,0.0,0.075,2,0,3.5,0.0,0.0,0.0,0.0
1516,2015-04-30,0,0.0,1,0.8,4,3,120,18,15,5.18,966.64,0.02758,0.11165,0.0,0.175,5,0,0.0,0.075,2,0,3.5,0.0,0.0,0.0,0.0
1517,2015-04-29,0,0.0,1,0.6,4,2,119,18,15,110.52,966.64,0.01801,0.20668,3.0,3.175,11,0,2.0,2.725,7,0,2.30909090909,1.104,1.3404,1.0079,0.192708333333
1517,2015-04-30,0,2.0,1,0.8,4,3,120,18,15,110.52,966.64,0.23107,0.33148,3.0,3.175,11,0,2.0,2.725,7,0,2.30909090909,1.104,1.3404,1.0079,0.104166666667
1518,2015-04-29,0,11.0,1,0.6,4,2,119,18,15,319.98,966.64,0.03772,0.20668,8.0,8.9125,23,0,8.0,8.45,18,0,2.10324483776,1.0153,0.9825,1.0284,0.24670433145
1518,2015-04-30,0,6.0,1,0.8,4,3,120,18,15,319.98,966.64,0.00768,0.04445,8.0,8.9125,23,0,8.0,8.45,18,0,2.10324483776,1.0153,0.9825,1.0284,0.103578154426
1519,2015-04-29,0,0.0,1,0.6,4,2,119,18,15,61.19,966.64,0.23107,0.33148,1.0,1.6125,20,0,1.0,1.8,27,0,1.76712328767,0.7876,1.0278,0.6667,0.355555555556
1519,2015-04-30,0,0.0,1,0.8,4,3,120,18,15,61.19,966.64,0.23107,0.33148,1.0,1.6125,20,0,1.0,1.8,27,0,1.76712328767,0.7876,1.0278,0.6667,0.0444444444444
1521,2015-04-29,0,0.0,1,0.6,4,2,119,18,15,205.52,966.64,0.03758,0.20668,9.0,9.1375,22,0,8.0,7.475,18,0,2.43666666667,0.0039,0.0101,0.0014,0.0
1521,2015-04-30,0,0.0,1,0.8,4,3,120,18,15,205.52,966.64,0.00768,0.04445,9.0,9.1375,22,0,8.0,7.475,18,0,2.43666666667,0.0039,0.0101,0.0014,0.0
2001,2015-04-29,0,0.0,1,0.6,4,2,119,18,20,88.29,1788.34,0.03772,0.20668,2.0,2.2375,15,0,1.5,2.775,13,0,1.59821428571,0.0283,0.009,0.0405,0.666666666667
2001,2015-04-30,0,0.0,1,0.8,4,3,120,18,20,88.29,1788.34,0.02534,0.20668,2.0,2.2375,15,0,1.5,2.775,13,0,1.59821428571,0.0283,0.009,0.0405,0.0
2002,2015-04-29,0,0.0,1,0.6,4,2,119,18,20,69.11,1788.34,0.0341,0.20668,2.0,1.9625,6,0,1.0,1.75,5,0,2.21126760563,0.2737,0.3148,0.254,0.2
2002,2015-04-30,0,0.0,1,0.8,4,3,120,18,20,69.11,1788.34,0.23107,0.33148,2.0,1.9625,6,0,1.0,1.75,5,0,2.21126760563,0.2737,0.3148,0.254,0.1
2003,2015-04-29,0,0.0,1,0.6,4,2,119,18,20,42.62,1788.34,0.01287,0.1372,0.0,0.95,5,0,1.0,1.6,7,0,1.16923076923,0.1371,0.1207,0.1493,0.222222222222
2003,2015-04-30,0,0.0,1,0.8,4,3,120,18,20,42.62,1788.34,0.00754,0.07166,0.0,0.95,5,0,1.0,1.6,7,0,1.16923076923,0.1371,0.1207,0.1493,0.0
2004,2015-04-29,0,0.0,1,0.6,4,2,119,18,20,0.91,1788.34,0.23107,0.33148,0.0,0.0125,1,0,0.0,0.05,1,0,0.333333333333,0.0,0.0,0.0,0.0
2004,2015-04-30,0,0.0,1,0.8,4,3,120,18,20,0.91,1788.34,0.01042,0.02076,0.0,0.0125,1,0,0.0,0.05,1,0,0.333333333333,0.0,0.0,0.0,0.0
2005,2015-04-29,0,1.0,1,0.6,4,2,119,18,20,125.74,1788.34,0.00659,0.02076,4.0,3.575,12,0,3.0,3.175,9,0,2.234375,0.1795,0.1636,0.186,0.203125
2005,2015-04-30,0,0.0,1,0.8,4,3,120,18,20,125.74,1788.34,0.01287,0.1372,4.0,3.575,12,0,3.0,3.175,9,0,2.234375,0.1795,0.1636,0.186,0.1875
2006,2015-04-29,0,6.0,1,0.6,4,2,119,18,20,190.28,1788.34,0.0007,0.02901,5.0,6.025,17,0,3.0,3.575,15,0,3.34722222222,0.2545,0.1339,0.2949,0.3125
2006,2015-04-30,0,1.0,1,0.8,4,3,120,18,20,190.28,1788.34,0.02406,0.11165,5.0,6.025,17,0,3.0,3.575,15,0,3.34722222222,0.2545,0.1339,0.2949,0.140625
2007,2015-04-29,0,0.0,1,0.6,4,2,119,18,20,116.3,1788.34,0.00965,0.1372,3.0,3.225,12,0,2.0,3.1,15,0,2.064,0.3027,0.4535,0.2392,0.222222222222
2007,2015-04-30,0,1.0,1,0.8,4,3,120,18,20,116.3,1788.34,0.23107,0.33148,3.0,3.225,12,0,2.0,3.1,15,0,2.064,0.3027,0.4535,0.2392,0.144444444444
2008,2015-04-29,0,0.0,1,0.6,4,2,119,18,20,167.75,1788.34,0.23107,0.33148,5.0,4.9125,16,0,3.0,3.95,12,0,2.47169811321,0.0356,0.0127,0.0451,0.3
2008,2015-04-30,0,0.0,1,0.8,4,3,120,18,20,167.75,1788.34,0.02534,0.20668,5.0,4.9125,16,0,3.0,3.95,12,0,2.47169811321,0.0356,0.0127,0.0451,0.15
2009,2015-04-29,0,0.0,1,0.6,4,2,119,18,20,143.7,1788.34,0.00215,0.11165,4.0,4.3,16,0,2.0,3.2,9,0,2.66666666667,0.0216,0.032,0.0177,0.181818181818
2009,2015-04-30,0,1.0,1,0.8,4,3,120,18,20,143.7,1788.34,0.01287,0.1372,4.0,4.3,16,0,2.0,3.2,9,0,2.66666666667,0.0216,0.032,0.0177,0.0909090909091
2010,2015-04-29,0,3.0,1,0.6,4,2,119,18,20,52.37,1788.34,0.00304,0.0138,1.0,1.6375,7,0,1.0,1.025,3,0,3.11904761905,1.3699,0.9091,1.5385,0.287128712871
2010,2015-04-30,0,0.0,1,0.8,4,3,120,18,20,52.37,1788.34,0.00054,0.0138,1.0,1.6375,7,0,1.0,1.025,3,0,3.11904761905,1.3699,0.9091,1.5385,0.148514851485
2011,2015-04-29,0,22.0,1,0.6,4,2,119,18,20,312.37,1788.34,0.23107,0.33148,8.0,9.4625,34,0,6.5,6.725,14,0,2.8037037037,0.1859,0.102,0.2186,0.364197530864
2011,2015-04-30,0,4.0,1,0.8,4,3,120,18,20,312.37,1788.34,0.02172,0.02901,8.0,9.4625,34,0,6.5,6.725,14,0,2.8037037037,0.1859,0.102,0.2186,0.148148148148
2012,2015-04-29,0,0.0,1,0.6,4,2,119,18,20,26.18,1788.34,0.00201,0.1372,1.0,0.7375,4,0,0.0,0.675,3,0,2.10714285714,0.061,0.037,0.0714,0.5
2012,2015-04-30,0,0.0,1,0.8,4,3,120,18,20,26.18,1788.34,0.0341,0.20668,1.0,0.7375,4,0,0.0,0.675,3,0,2.10714285714,0.061,0.037,0.0714,0.0
2013,2015-04-29,0,1.0,1,0.6,4,2,119,18,20,144.31,1788.34,0.02758,0.11165,4.0,4.0125,12,0,4.0,3.825,13,0,2.08441558442,0.0771,0.0621,0.0842,0.228571428571
2013,2015-04-30,0,0.0,1,0.8,4,3,120,18,20,144.31,1788.34,0.23107,0.33148,4.0,4.0125,12,0,4.0,3.825,13,0,2.08441558442,0.0771,0.0621,0.0842,0.171428571429
2014,2015-04-29,0,0.0,1,0.6,4,2,119,18,20,224.38,1788.34,0.23107,0.33148,6.5,6.8875,16,0,4.5,4.65,12,0,2.94652406417,0.0513,0.0625,0.0474,0.297297297297
2014,2015-04-30,0,0.0,1,0.8,4,3,120,18,20,224.38,1788.34,0.00145,0.11165,6.5,6.8875,16,0,4.5,4.65,12,0,2.94652406417,0.0513,0.0625,0.0474,0.162162162162
2015,2015-04-29,0,0.0,1,0.6,4,2,119,18,20,84.03,1788.34,0.23107,0.33148,2.0,2.2125,13,0,2.0,2.475,10,0,1.77,0.1542,0.1236,0.1711,0.315789473684
2015,2015-04-30,0,2.0,1,0.8,4,3,120,18,20,84.03,1788.34,0.00206,0.11165,2.0,2.2125,13,0,2.0,2.475,10,0,1.77,0.1542,0.1236,0.1711,0.184210526316
2101,2015-04-29,0,0.0,1,0.6,4,2,119,18,21,17.05,114.79,0.23107,0.33148,0.0,0.3375,3,0,0.0,0.725,6,0,0.9,0.1633,0.1111,0.2174,0.111111111111
2101,2015-04-30,0,0.0,1,0.8,4,3,120,18,21,17.05,114.79,0.23107,0.33148,0.0,0.3375,3,0,0.0,0.725,6,0,0.9,0.1633,0.1111,0.2174,0.0
2102,2015-04-29,0,0.0,1,0.6,4,2,119,18,21,0.17,114.79,0.07556,0.33148,0.0,0.2875,4,0,0.0,0.075,1,0,5.75,0.0,0.0,0.0,0.0
2102,2015-04-30,0,0.0,1,0.8,4,3,120,18,21,0.17,114.79,0.01102,0.1372,0.0,0.2875,4,0,0.0,0.075,1,0,5.75,0.0,0.0,0.0,0.0
2103,2015-04-29,0,0.0,1,0.6,4,2,119,18,21,19.79,114.79,0.01287,0.1372,0.0,0.6875,5,0,0.0,0.25,2,0,5.0,0.1186,0.0,0.1429,0.125
2103,2015-04-30,0,0.0,1,0.8,4,3,120,18,21,19.79,114.79,0.23107,0.33148,0.0,0.6875,5,0,0.0,0.25,2,0,5.0,0.1186,0.0,0.1429,0.125
2104,2015-04-29,0,0.0,1,0.6,4,2,119,18,21,39.58,114.79,0.00369,0.07166,1.0,1.0625,5,0,1.0,1.125,4,0,1.84782608696,0.1593,0.15,0.1622,0.210526315789
2104,2015-04-30,0,0.0,1,0.8,4,3,120,18,21,39.58,114.79,0.23107,0.33148,1.0,1.0625,5,0,1.0,1.125,4,0,1.84782608696,0.1593,0.15,0.1622,0.0
2105,2015-04-29,0,0.0,1,0.6,4,2,119,18,21,68.81,114.79,0.00206,0.11165,1.0,1.8625,15,0,1.0,1.925,10,0,1.91025641026,0.7197,0.4182,0.9231,0.21875
2105,2015-04-30,0,0.0,1,0.8,4,3,120,18,21,68.81,114.79,0.23107,0.33148,1.0,1.8625,15,0,1.0,1.925,10,0,1.91025641026,0.7197,0.4182,0.9231,0.09375
2106,2015-04-29,0,0.0,1,0.6,4,2,119,18,21,21.31,114.79,0.02455,0.11165,0.0,0.625,3,0,0.0,0.5,3,0,2.38095238095,0.6512,0.5,0.7,0.241379310345
2106,2015-04-30,0,0.0,1,0.8,4,3,120,18,21,21.31,114.79,0.03772,0.20668,0.0,0.625,3,0,0.0,0.5,3,0,2.38095238095,0.6512,0.5,0.7,0.103448275862
2107,2015-04-29,0,0.0,1,0.6,4,2,119,18,21,4.87,114.79,0.02114,0.33148,0.0,0.1625,6,0,0.0,0.075,1,0,3.25,0.2143,0.0,0.2727,0.0
2107,2015-04-30,0,0.0,1,0.8,4,3,120,18,21,4.87,114.79,0.03758,0.20668,0.0,0.1625,6,0,0.0,0.075,1,0,3.25,0.2143,0.0,0.2727,0.0
2108,2015-04-29,0,0.0,1,0.6,4,2,119,18,21,0.61,114.79,0.07556,0.33148,0.0,0.025,1,0,0.0,0.0,0,0,2.0,0.0,0.0,0.0,0.0
2108,2015-04-30,0,0.0,1,0.8,4,3,120,18,21,0.61,114.79,0.00663,0.20668,0.0,0.025,1,0,0.0,0.0,0,0,2.0,0.0,0.0,0.0,0.0
2201,2015-04-29,0,3.0,1,0.6,4,2,119,18,22,489.86,1774.79,0.23107,0.33148,13.0,13.4,32,0,12.0,13.425,40,0,1.99256505576,0.2188,0.2368,0.2097,0.210344827586
2201,2015-04-30,0,1.0,1,0.8,4,3,120,18,22,489.86,1774.79,0.23107,0.33148,13.0,13.4,32,0,12.0,13.425,40,0,1.99256505576,0.2188,0.2368,0.2097,0.1
2202,2015-04-29,0,23.0,1,0.6,4,2,119,18,22,491.69,1774.79,0.00965,0.1372,13.0,13.7,38,0,12.5,12.975,48,0,2.10769230769,1.4485,1.4528,1.4432,0.243469174504
2202,2015-04-30,0,13.0,1,0.8,4,3,120,18,22,491.69,1774.79,0.0146,0.1372,13.0,13.7,38,0,12.5,12.975,48,0,2.10769230769,1.4485,1.4528,1.4432,0.119122257053
2203,2015-04-29,0,5.0,1,0.6,4,2,119,18,22,444.5,1774.79,0.07556,0.33148,10.0,10.8375,45,0,13.0,14.825,65,0,1.4595959596,0.236,0.2122,0.2525,0.235714285714
2203,2015-04-30,0,0.0,1,0.8,4,3,120,18,22,444.5,1774.79,0.0341,0.20668,10.0,10.8375,45,0,13.0,14.825,65,0,1.4595959596,0.236,0.2122,0.2525,0.135714285714
2204,2015-04-29,0,5.0,1,0.6,4,2,119,18,22,109.13,1774.79,0.02235,0.07166,4.0,5.2375,18,0,4.0,4.875,27,0,2.13775510204,0.3851,0.2327,0.4685,0.337209302326
2204,2015-04-30,0,2.0,1,0.8,4,3,120,18,22,109.13,1774.79,0.0341,0.20668,4.0,5.2375,18,0,4.0,4.875,27,0,2.13775510204,0.3851,0.2327,0.4685,0.0697674418605
2205,2015-04-29,0,4.0,1,0.6,4,2,119,18,22,330.33,1774.79,0.02534,0.20668,8.0,9.125,39,0,7.0,8.875,55,0,2.05056179775,0.5146,0.3852,0.5857,0.256756756757
2205,2015-04-30,0,4.0,1,0.8,4,3,120,18,22,330.33,1774.79,0.01007,0.07166,8.0,9.125,39,0,7.0,8.875,55,0,2.05056179775,0.5146,0.3852,0.5857,0.0945945945946
2206,2015-04-29,0,1.0,1,0.6,4,2,119,18,22,234.73,1774.79,0.01434,0.20668,5.0,6.725,24,0,5.5,5.825,18,0,2.29914529915,0.1254,0.0685,0.1517,0.287356321839
2206,2015-04-30,0,2.0,1,0.8,4,3,120,18,22,234.73,1774.79,0.0341,0.20668,5.0,6.725,24,0,5.5,5.825,18,0,2.29914529915,0.1254,0.0685,0.1517,0.126436781609
2207,2015-04-29,0,2.0,1,0.6,4,2,119,18,22,193.93,1774.79,0.01287,0.1372,4.0,5.25,32,0,4.0,5.425,46,0,1.92660550459,0.0887,0.0686,0.0992,0.320754716981
2207,2015-04-30,0,0.0,1,0.8,4,3,120,18,22,193.93,1774.79,0.00848,0.11165,4.0,5.25,32,0,4.0,5.425,46,0,1.92660550459,0.0887,0.0686,0.0992,0.132075471698
2208,2015-04-29,0,0.0,1,0.6,4,2,119,18,22,78.24,1774.79,0.03758,0.20668,2.0,2.1375,7,0,2.0,2.15,7,0,1.96551724138,0.0531,0.0357,0.0617,0.285714285714
2208,2015-04-30,0,0.0,1,0.8,4,3,120,18,22,78.24,1774.79,0.0146,0.1372,2.0,2.1375,7,0,2.0,2.15,7,0,1.96551724138,0.0531,0.0357,0.0617,0.0
2209,2015-04-29,0,0.0,1,0.6,4,2,119,18,22,80.37,1774.79,0.23107,0.33148,1.5,2.0125,11,0,2.0,2.575,10,0,1.54807692308,0.1088,0.0833,0.125,0.0740740740741
2209,2015-04-30,0,0.0,1,0.8,4,3,120,18,22,80.37,1774.79,0.23107,0.33148,1.5,2.0125,11,0,2.0,2.575,10,0,1.54807692308,0.1088,0.0833,0.125,0.185185185185
2210,2015-04-29,0,0.0,1,0.6,4,2,119,18,22,86.46,1774.79,0.03758,0.20668,1.0,2.25,15,0,1.5,2.6,18,0,1.71428571429,0.0878,0.0396,0.1173,0.208333333333
2210,2015-04-30,0,4.0,1,0.8,4,3,120,18,22,86.46,1774.79,0.23107,0.33148,1.0,2.25,15,0,1.5,2.6,18,0,1.71428571429,0.0878,0.0396,0.1173,0.208333333333
2211,2015-04-29,0,0.0,1,0.6,4,2,119,18,22,9.26,1774.79,0.02406,0.11165,0.0,0.475,5,0,0.5,0.9,6,0,1.02702702703,0.0417,0.0278,0.0541,0.0
2211,2015-04-30,0,0.0,1,0.8,4,3,120,18,22,9.26,1774.79,0.07556,0.33148,0.0,0.475,5,0,0.5,0.9,6,0,1.02702702703,0.0417,0.0278,0.0541,0.25
2212,2015-04-29,0,1.0,1,0.6,4,2,119,18,22,54.5,1774.79,0.02172,0.02901,1.0,1.6125,19,0,1.0,1.25,5,0,2.52941176471,0.0286,0.0408,0.0236,0.666666666667
2212,2015-04-30,0,0.0,1,0.8,4,3,120,18,22,54.5,1774.79,0.23107,0.33148,1.0,1.6125,19,0,1.0,1.25,5,0,2.52941176471,0.0286,0.0408,0.0236,0.0
2301,2015-04-29,0,0.0,1,0.6,4,2,119,18,23,55.71,379.29,0.00369,0.04445,1.0,1.4,7,0,1.0,1.775,12,0,1.55555555556,0.076,0.0588,0.0865,0.214285714286
2301,2015-04-30,0,0.0,1,0.8,4,3,120,18,23,55.71,379.29,0.23107,0.33148,1.0,1.4,7,0,1.0,1.775,12,0,1.55555555556,0.076,0.0588,0.0865,0.0714285714286
2302,2015-04-29,0,0.0,1,0.6,4,2,119,18,23,32.58,379.29,0.00206,0.11165,0.0,0.725,7,0,1.0,1.225,10,0,1.16,0.8305,0.6667,0.9667,0.26
2302,2015-04-30,0,1.0,1,0.8,4,3,120,18,23,32.58,379.29,0.02172,0.02901,0.0,0.725,7,0,1.0,1.225,10,0,1.16,0.8305,0.6667,0.9667,0.06
2303,2015-04-29,0,0.0,1,0.6,4,2,119,18,23,100.16,379.29,0.01007,0.07166,2.0,2.55,13,0,2.5,3.125,19,0,1.61904761905,0.1828,0.1455,0.2059,0.153846153846
2303,2015-04-30,0,0.0,1,0.8,4,3,120,18,23,100.16,379.29,0.02758,0.11165,2.0,2.55,13,0,2.5,3.125,19,0,1.61904761905,0.1828,0.1455,0.2059,0.134615384615
2304,2015-04-29,0,0.0,1,0.6,4,2,119,18,23,16.14,379.29,0.02172,0.02901,0.0,0.4,5,0,0.0,0.525,3,0,1.45454545455,0.4211,0.2941,0.5,0.117647058824
2304,2015-04-30,0,0.0,1,0.8,4,3,120,18,23,16.14,379.29,0.03758,0.20668,0.0,0.4,5,0,0.0,0.525,3,0,1.45454545455,0.4211,0.2941,0.5,0.0588235294118
2305,2015-04-29,0,0.0,1,0.6,4,2,119,18,23,35.01,379.29,0.02235,0.07166,0.0,0.7375,7,0,1.0,1.4,8,0,1.0350877193,0.0087,0.0179,0.0,0.0
2305,2015-04-30,0,0.0,1,0.8,4,3,120,18,23,35.01,379.29,0.02534,0.20668,0.0,0.7375,7,0,1.0,1.4,8,0,1.0350877193,0.0087,0.0179,0.0,0.0
2306,2015-04-29,0,0.0,1,0.6,4,2,119,18,23,41.41,379.29,0.02534,0.20668,0.0,1.0375,16,0,1.0,1.325,5,0,1.53703703704,0.1913,0.3171,0.12,0.0869565217391
2306,2015-04-30,0,0.0,1,0.8,4,3,120,18,23,41.41,379.29,0.23107,0.33148,0.0,1.0375,16,0,1.0,1.325,5,0,1.53703703704,0.1913,0.3171,0.12,0.0
2307,2015-04-29,0,0.0,1,0.6,4,2,119,18,23,74.89,379.29,0.23107,0.33148,2.0,1.95,7,0,2.0,2.25,10,0,1.71428571429,0.2167,0.2297,0.2077,0.311111111111
2307,2015-04-30,0,2.0,1,0.8,4,3,120,18,23,74.89,379.29,0.02172,0.02901,2.0,1.95,7,0,2.0,2.25,10,0,1.71428571429,0.2167,0.2297,0.2077,0.133333333333
2308,2015-04-29,0,0.0,1,0.6,4,2,119,18,23,1.22,379.29,0.23107,0.33148,0.0,0.0375,1,0,0.0,0.025,1,0,1.5,0.0,0.0,0.0,0.0
2308,2015-04-30,0,0.0,1,0.8,4,3,120,18,23,1.22,379.29,0.07556,0.33148,0.0,0.0375,1,0,0.0,0.025,1,0,1.5,0.0,0.0,0.0,0.0
2309,2015-04-29,0,1.0,1,0.6,4,2,119,18,23,26.61,379.29,0.02114,0.33148,0.0,0.8875,8,0,1.0,1.6,6,0,1.09230769231,0.193,0.1017,0.2857,0.260869565217
2309,2015-04-30,0,0.0,1,0.8,4,3,120,18,23,26.61,379.29,0.00965,0.1372,0.0,0.8875,8,0,1.0,1.6,6,0,1.09230769231,0.193,0.1017,0.2857,0.0869565217391
2310,2015-04-29,0,0.0,1,0.6,4,2,119,18,23,21.62,379.29,0.03758,0.20668,0.0,0.4875,3,0,0.0,0.8,9,0,1.18181818182,0.0435,0.0645,0.0256,0.25
2310,2015-04-30,0,0.0,1,0.8,4,3,120,18,23,21.62,379.29,0.02235,0.07166,0.0,0.4875,3,0,0.0,0.8,9,0,1.18181818182,0.0435,0.0645,0.0256,0.0
2311,2015-04-29,0,0.0,1,0.6,4,2,119,18,23,31.87,379.29,0.0146,0.1372,1.0,1.4125,8,0,1.0,1.125,8,0,2.45652173913,0.314,0.2105,0.3571,0.25641025641
2311,2015-04-30,0,0.0,1,0.8,4,3,120,18,23,31.87,379.29,0.23107,0.33148,1.0,1.4125,8,0,1.0,1.125,8,0,2.45652173913,0.314,0.2105,0.3571,0.102564102564
2312,2015-04-29,0,0.0,1,0.6,4,2,119,18,23,7.61,379.29,0.01434,0.20668,0.0,0.225,2,0,0.0,0.175,2,0,2.25,0.0,0.0,0.0,0.0
2312,2015-04-30,0,0.0,1,0.8,4,3,120,18,23,7.61,379.29,0.01107,0.1372,0.0,0.225,2,0,0.0,0.175,2,0,2.25,0.0,0.0,0.0,0.0
2313,2015-04-29,0,0.0,1,0.6,4,2,119,18,23,5.78,379.29,0.02758,0.11165,0.0,0.1625,2,0,0.0,0.15,1,0,1.85714285714,0.0,0.0,0.0,0.0
2313,2015-04-30,0,0.0,1,0.8,4,3,120,18,23,5.78,379.29,0.00645,0.1372,0.0,0.1625,2,0,0.0,0.15,1,0,1.85714285714,0.0,0.0,0.0,0.0
2314,2015-04-29,0,0.0,1,0.6,4,2,119,18,23,27.43,379.29,0.01102,0.1372,0.0,0.95,16,0,0.0,1.625,20,0,1.15151515152,0.4947,0.5714,0.4259,0.333333333333
2314,2015-04-30,0,0.0,1,0.8,4,3,120,18,23,27.43,379.29,0.00575,0.04445,0.0,0.95,16,0,0.0,1.625,20,0,1.15151515152,0.4947,0.5714,0.4259,0.0625
2315,2015-04-29,0,0.0,1,0.6,4,2,119,18,23,0.3,379.29,0.0146,0.1372,0.0,0.0,0,0,0.0,0.025,1,0,0.0,0.5,0.5,0.0,0.5
2315,2015-04-30,0,0.0,1,0.8,4,3,120,18,23,0.3,379.29,0.00131,0.0138,0.0,0.0,0,0,0.0,0.025,1,0,0.0,0.5,0.5,0.0,0.0
2316,2015-04-29,0,0.0,1,0.6,4,2,119,18,23,39.27,379.29,0.01042,0.02076,1.0,1.025,4,0,1.0,1.175,4,0,1.70833333333,0.0,0.0,0.0,0.0
2316,2015-04-30,0,0.0,1,0.8,4,3,120,18,23,39.27,379.29,0.23107,0.33148,1.0,1.025,4,0,1.0,1.175,4,0,1.70833333333,0.0,0.0,0.0,0.0
2317,2015-04-29,0,0.0,1,0.6,4,2,119,18,23,5.58,379.29,0.02235,0.07166,0.0,0.4,5,0,0.0,0.475,7,0,1.6,0.0833,0.1111,0.0645,0.0
2317,2015-04-30,0,0.0,1,0.8,4,3,120,18,23,5.58,379.29,0.07556,0.33148,0.0,0.4,5,0,0.0,0.475,7,0,1.6,0.0833,0.1111,0.0645,0.0
3001,2015-04-29,0,0.0,1,0.6,4,2,119,18,30,3.35,622.5,0.23107,0.33148,0.0,0.1,2,0,0.0,0.075,1,0,2.0,0.5,1.0,0.2857,0.0
3001,2015-04-30,0,0.0,1,0.8,4,3,120,18,30,3.35,622.5,0.01721,0.1372,0.0,0.1,2,0,0.0,0.075,1,0,2.0,0.5,1.0,0.2857,0.0
3002,2015-04-29,0,2.0,1,0.6,4,2,119,18,30,48.1,622.5,0.23107,0.33148,1.0,1.4375,9,0,1.0,1.075,4,0,2.61363636364,0.314,0.2222,0.3488,0.282051282051
3002,2015-04-30,0,0.0,1,0.8,4,3,120,18,30,48.1,622.5,0.23107,0.33148,1.0,1.4375,9,0,1.0,1.075,4,0,2.61363636364,0.314,0.2222,0.3488,0.0769230769231
3003,2015-04-29,0,0.0,1,0.6,4,2,119,18,30,5.18,622.5,0.02455,0.11165,0.0,0.1625,3,0,0.0,0.1,1,0,2.6,0.0588,0.0,0.0769,0.5
3003,2015-04-30,0,0.0,1,0.8,4,3,120,18,30,5.18,622.5,0.02172,0.02901,0.0,0.1625,3,0,0.0,0.1,1,0,2.6,0.0588,0.0,0.0769,0.0
3004,2015-04-29,0,0.0,1,0.6,4,2,119,18,30,7.61,622.5,0.01446,0.07166,0.0,0.1375,3,0,0.0,0.35,4,0,0.733333333333,0.04,0.0,0.0909,0.0
3004,2015-04-30,0,0.0,1,0.8,4,3,120,18,30,7.61,622.5,0.02396,0.1372,0.0,0.1375,3,0,0.0,0.35,4,0,0.733333333333,0.04,0.0,0.0909,0.0
3005,2015-04-29,0,0.0,1,0.6,4,2,119,18,30,2.13,622.5,0.02235,0.07166,0.0,0.075,4,0,0.0,0.025,1,0,3.0,0.0,0.0,0.0,0.0
3005,2015-04-30,0,0.0,1,0.8,4,3,120,18,30,2.13,622.5,0.0341,0.20668,0.0,0.075,4,0,0.0,0.025,1,0,3.0,0.0,0.0,0.0,0.0
3006,2015-04-29,0,7.0,1,0.6,4,2,119,18,30,98.34,622.5,0.00965,0.1372,2.0,2.6875,10,0,2.5,2.7,9,0,1.97247706422,0.7234,0.5797,0.8,0.262773722628
3006,2015-04-30,0,0.0,1,0.8,4,3,120,18,30,98.34,622.5,0.01042,0.02076,2.0,2.6875,10,0,2.5,2.7,9,0,1.97247706422,0.7234,0.5797,0.8,0.0802919708029
3007,2015-04-29,0,3.0,1,0.6,4,2,119,18,30,44.45,622.5,0.01287,0.1372,1.0,1.1625,6,0,1.0,1.325,11,0,1.72222222222,0.1308,0.102,0.1463,0.333333333333
3007,2015-04-30,0,0.0,1,0.8,4,3,120,18,30,44.45,622.5,0.23107,0.33148,1.0,1.1625,6,0,1.0,1.325,11,0,1.72222222222,0.1308,0.102,0.1463,0.166666666667
3008,2015-04-29,0,0.0,1,0.6,4,2,119,18,30,46.28,622.5,0.23107,0.33148,1.0,1.3125,6,0,1.0,1.175,6,0,2.1875,0.1591,0.1163,0.1778,0.181818181818
3008,2015-04-30,0,0.0,1,0.8,4,3,120,18,30,46.28,622.5,0.23107,0.33148,1.0,1.3125,6,0,1.0,1.175,6,0,2.1875,0.1591,0.1163,0.1778,0.136363636364
3009,2015-04-29,0,0.0,1,0.6,4,2,119,18,30,3.35,622.5,0.0053,0.1372,0.0,0.0875,2,0,0.0,0.1,2,0,1.4,0.0909,0.0,0.1429,0.0
3009,2015-04-30,0,0.0,1,0.8,4,3,120,18,30,3.35,622.5,0.00575,0.04445,0.0,0.0875,2,0,0.0,0.1,2,0,1.4,0.0909,0.0,0.1429,0.5
3010,2015-04-29,0,0.0,1,0.6,4,2,119,18,30,16.44,622.5,0.23107,0.33148,0.0,0.475,4,0,0.0,0.4,2,0,2.23529411765,0.0377,0.1333,0.0,0.0
3010,2015-04-30,0,0.0,1,0.8,4,3,120,18,30,16.44,622.5,0.03758,0.20668,0.0,0.475,4,0,0.0,0.4,2,0,2.23529411765,0.0377,0.1333,0.0,0.0
3011,2015-04-29,0,0.0,1,0.6,4,2,119,18,30,18.27,622.5,0.02534,0.20668,1.0,0.75,7,0,0.0,0.775,4,0,1.875,0.0824,0.0323,0.1091,0.5
3011,2015-04-30,0,0.0,1,0.8,4,3,120,18,30,18.27,622.5,0.23107,0.33148,1.0,0.75,7,0,0.0,0.775,4,0,1.875,0.0824,0.0323,0.1091,0.0
3012,2015-04-29,0,0.0,1,0.6,4,2,119,18,30,2.13,622.5,0.03772,0.20668,0.0,0.0375,1,0,0.0,0.1,1,0,0.6,0.0,0.0,0.0,0.0
3012,2015-04-30,0,0.0,1,0.8,4,3,120,18,30,2.13,622.5,0.01488,0.20668,0.0,0.0375,1,0,0.0,0.1,1,0,0.6,0.0,0.0,0.0,0.0
3013,2015-04-29,0,1.0,1,0.6,4,2,119,18,30,131.22,622.5,0.00528,0.0138,4.0,3.9,10,0,3.0,2.975,10,0,2.6,0.1934,0.2,0.1901,0.295774647887
3013,2015-04-30,0,1.0,1,0.8,4,3,120,18,30,131.22,622.5,0.00782,0.11165,4.0,3.9,10,0,3.0,2.975,10,0,2.6,0.1934,0.2,0.1901,0.140845070423
3014,2015-04-29,0,0.0,1,0.6,4,2,119,18,30,6.09,622.5,0.01801,0.20668,0.0,0.2,3,0,0.0,0.1,1,0,3.2,0.0,0.0,0.0,0.0
3014,2015-04-30,0,0.0,1,0.8,4,3,120,18,30,6.09,622.5,0.00617,0.20668,0.0,0.2,3,0,0.0,0.1,1,0,3.2,0.0,0.0,0.0,0.0
3015,2015-04-29,0,0.0,1,0.6,4,2,119,18,30,3.04,622.5,0.23107,0.33148,0.0,0.075,2,0,0.0,0.1,2,0,1.2,0.0,0.0,0.0,0.0
3015,2015-04-30,0,0.0,1,0.8,4,3,120,18,30,3.04,622.5,0.02114,0.33148,0.0,0.075,2,0,0.0,0.1,2,0,1.2,0.0,0.0,0.0,0.0
3016,2015-04-29,0,12.0,1,0.6,4,2,119,18,30,291.36,622.5,0.03772,0.20668,7.0,8.575,25,0,6.5,6.775,20,0,2.52205882353,3.0084,2.4872,3.2407,0.279166666667
3016,2015-04-30,0,5.0,1,0.8,4,3,120,18,30,291.36,622.5,0.01434,0.20668,7.0,8.575,25,0,6.5,6.775,20,0,2.52205882353,3.0084,2.4872,3.2407,0.106944444444
3017,2015-04-29,0,0.0,1,0.6,4,2,119,18,30,8.83,622.5,0.01102,0.1372,0.0,0.2875,3,0,0.0,0.15,1,0,3.28571428571,0.0,0.0,0.0,0.0
3017,2015-04-30,0,0.0,1,0.8,4,3,120,18,30,8.83,622.5,0.00126,0.07166,0.0,0.2875,3,0,0.0,0.15,1,0,3.28571428571,0.0,0.0,0.0,0.0
3018,2015-04-29,0,0.0,1,0.6,4,2,119,18,30,188.45,622.5,0.07556,0.33148,5.0,5.575,13,0,4.0,4.325,14,0,2.5632183908,0.422,0.438,0.4146,0.189189189189
3018,2015-04-30,0,4.0,1,0.8,4,3,120,18,30,188.45,622.5,0.00677,0.1372,5.0,5.575,13,0,4.0,4.325,14,0,2.5632183908,0.422,0.438,0.4146,0.162162162162
3101,2015-04-29,0,0.0,1,0.6,4,2,119,18,31,0.3,179.93,0.23107,0.33148,0.0,0.0,0,0,0.0,0.025,1,0,0.0,0.0,0.0,0.0,0.0
3101,2015-04-30,0,0.0,1,0.8,4,3,120,18,31,0.3,179.93,0.07556,0.33148,0.0,0.0,0,0,0.0,0.025,1,0,0.0,0.0,0.0,0.0,0.0
3102,2015-04-29,0,0.0,1,0.6,4,2,119,18,31,1.22,179.93,0.02534,0.20668,0.0,0.05,1,0,0.0,0.0,0,0,4.0,0.0,0.0,0.0,0.0
3102,2015-04-30,0,0.0,1,0.8,4,3,120,18,31,1.22,179.93,0.00663,0.20668,0.0,0.05,1,0,0.0,0.0,0,0,4.0,0.0,0.0,0.0,0.0
3104,2015-04-29,0,0.0,1,0.6,4,2,119,18,31,0.61,179.93,0.03758,0.20668,0.0,0.0,0,0,0.0,0.05,2,0,0.0,0.0,0.0,0.0,0.0
3104,2015-04-30,0,0.0,1,0.8,4,3,120,18,31,0.61,179.93,0.01434,0.20668,0.0,0.0,0,0,0.0,0.05,2,0,0.0,0.0,0.0,0.0,0.0
3105,2015-04-29,0,0.0,1,0.6,4,2,119,18,31,1.52,179.93,0.03758,0.20668,0.0,0.025,1,0,0.0,0.075,1,0,0.5,0.0,0.0,0.0,0.0
3105,2015-04-30,0,0.0,1,0.8,4,3,120,18,31,1.52,179.93,0.0341,0.20668,0.0,0.025,1,0,0.0,0.075,1,0,0.5,0.0,0.0,0.0,0.0
3106,2015-04-29,0,0.0,1,0.6,4,2,119,18,31,2.13,179.93,0.01801,0.20668,0.0,0.0875,2,0,0.0,0.0,0,0,7.0,0.0,0.0,0.0,0.0
3106,2015-04-30,0,0.0,1,0.8,4,3,120,18,31,2.13,179.93,0.02758,0.11165,0.0,0.0875,2,0,0.0,0.0,0,0,7.0,0.0,0.0,0.0,0.0
3107,2015-04-29,0,0.0,1,0.6,4,2,119,18,31,2.13,179.93,0.23107,0.33148,0.0,0.05,1,0,0.0,0.075,1,0,1.0,0.3333,0.3333,0.25,0.333333333333
3107,2015-04-30,0,0.0,1,0.8,4,3,120,18,31,2.13,179.93,0.00213,0.07166,0.0,0.05,1,0,0.0,0.075,1,0,1.0,0.3333,0.3333,0.25,0.0
3108,2015-04-29,0,0.0,1,0.6,4,2,119,18,31,0.91,179.93,0.23107,0.33148,0.0,0.0375,1,0,0.0,0.0,0,0,3.0,0.0,0.0,0.0,0.0
3108,2015-04-30,0,0.0,1,0.8,4,3,120,18,31,0.91,179.93,0.0146,0.1372,0.0,0.0375,1,0,0.0,0.0,0,0,3.0,0.0,0.0,0.0,0.0
3109,2015-04-29,0,0.0,1,0.6,4,2,119,18,31,4.26,179.93,0.07556,0.33148,0.0,0.125,2,0,0.0,0.1,2,0,2.0,0.0714,0.25,0.0,0.0
3109,2015-04-30,0,0.0,1,0.8,4,3,120,18,31,4.26,179.93,0.23107,0.33148,0.0,0.125,2,0,0.0,0.1,2,0,2.0,0.0714,0.25,0.0,0.0
3110,2015-04-29,0,1.0,1,0.6,4,2,119,18,31,16.44,179.93,0.01102,0.1372,0.0,0.4125,3,0,0.0,0.525,4,0,1.5,0.1458,0.0476,0.2143,0.25
3110,2015-04-30,0,0.0,1,0.8,4,3,120,18,31,16.44,179.93,0.02396,0.1372,0.0,0.4125,3,0,0.0,0.525,4,0,1.5,0.1458,0.0476,0.2143,0.125
3111,2015-04-29,0,0.0,1,0.6,4,2,119,18,31,3.65,179.93,0.0341,0.20668,0.0,0.1375,2,0,0.0,0.025,1,0,5.5,0.3,0.5,0.2,0.0
3111,2015-04-30,0,0.0,1,0.8,4,3,120,18,31,3.65,179.93,0.00663,0.20668,0.0,0.1375,2,0,0.0,0.025,1,0,5.5,0.3,0.5,0.2,0.25
3112,2015-04-29,0,0.0,1,0.6,4,2,119,18,31,7.0,179.93,0.0341,0.20668,0.0,0.2,3,0,0.0,0.175,1,0,2.0,0.0909,0.1429,0.0625,0.333333333333
3112,2015-04-30,0,0.0,1,0.8,4,3,120,18,31,7.0,179.93,0.00617,0.20668,0.0,0.2,3,0,0.0,0.175,1,0,2.0,0.0909,0.1429,0.0625,0.0
3113,2015-04-29,0,0.0,1,0.6,4,2,119,18,31,1.22,179.93,0.23107,0.33148,0.0,0.025,1,0,0.0,0.05,1,0,0.666666666667,1.5,0.5,1.0,0.25
3113,2015-04-30,0,0.0,1,0.8,4,3,120,18,31,1.22,179.93,0.23107,0.33148,0.0,0.025,1,0,0.0,0.05,1,0,0.666666666667,1.5,0.5,1.0,0.0
3114,2015-04-29,0,0.0,1,0.6,4,2,119,18,31,32.58,179.93,0.01801,0.20668,0.0,0.8875,6,0,0.0,0.9,6,0,1.91891891892,0.1613,0.1212,0.1803,0.3125
3114,2015-04-30,0,0.0,1,0.8,4,3,120,18,31,32.58,179.93,2e-05,0.00117,0.0,0.8875,6,0,0.0,0.9,6,0,1.91891891892,0.1613,0.1212,0.1803,0.0
3115,2015-04-29,0,0.0,1,0.6,4,2,119,18,31,1.83,179.93,0.23107,0.33148,0.0,0.05,1,0,0.0,0.05,1,0,1.33333333333,0.1667,0.5,0.0,0.0
3115,2015-04-30,0,0.0,1,0.8,4,3,120,18,31,1.83,179.93,0.02455,0.11165,0.0,0.05,1,0,0.0,0.05,1,0,1.33333333333,0.1667,0.5,0.0,0.0
3116,2015-04-29,0,0.0,1,0.6,4,2,119,18,31,18.57,179.93,0.01801,0.20668,0.0,0.6125,5,0,0.0,0.3,3,0,3.76923076923,0.0508,0.1818,0.0204,0.0
3116,2015-04-30,0,0.0,1,0.8,4,3,120,18,31,18.57,179.93,0.01721,0.1372,0.0,0.6125,5,0,0.0,0.3,3,0,3.76923076923,0.0508,0.1818,0.0204,0.0
3117,2015-04-29,0,0.0,1,0.6,4,2,119,18,31,23.14,179.93,0.23107,0.33148,0.0,0.4875,5,0,0.0,0.925,8,0,1.02631578947,0.1324,0.1875,0.0811,0.6
3117,2015-04-30,0,0.0,1,0.8,4,3,120,18,31,23.14,179.93,0.07556,0.33148,0.0,0.4875,5,0,0.0,0.925,8,0,1.02631578947,0.1324,0.1875,0.0811,0.0
3118,2015-04-29,0,0.0,1,0.6,4,2,119,18,31,24.36,179.93,0.00782,0.11165,0.0,0.6875,3,0,0.0,0.625,4,0,2.11538461538,0.1571,0.0833,0.1915,0.416666666667
3118,2015-04-30,0,0.0,1,0.8,4,3,120,18,31,24.36,179.93,0.00848,0.11165,0.0,0.6875,3,0,0.0,0.625,4,0,2.11538461538,0.1571,0.0833,0.1915,0.0833333333333
3119,2015-04-29,0,0.0,1,0.6,4,2,119,18,31,13.7,179.93,0.23107,0.33148,0.0,0.2875,2,0,0.0,0.55,4,0,1.0,0.0698,0.0,0.1429,0.25
3119,2015-04-30,0,0.0,1,0.8,4,3,120,18,31,13.7,179.93,0.02406,0.11165,0.0,0.2875,2,0,0.0,0.55,4,0,1.0,0.0698,0.0,0.1429,0.0
3120,2015-04-29,0,0.0,1,0.6,4,2,119,18,31,2.74,179.93,0.00234,0.02076,0.0,0.0875,2,0,0.0,0.05,1,0,2.33333333333,0.0,0.0,0.0,0.0
3120,2015-04-30,0,0.0,1,0.8,4,3,120,18,31,2.74,179.93,0.23107,0.33148,0.0,0.0875,2,0,0.0,0.05,1,0,2.33333333333,0.0,0.0,0.0,0.0
3121,2015-04-29,0,0.0,1,0.6,4,2,119,18,31,2.74,179.93,0.0053,0.1372,0.0,0.1,2,0,0.0,0.025,1,0,4.0,0.0,0.0,0.0,0.0
3121,2015-04-30,0,0.0,1,0.8,4,3,120,18,31,2.74,179.93,0.23107,0.33148,0.0,0.1,2,0,0.0,0.025,1,0,4.0,0.0,0.0,0.0,0.0
3122,2015-04-29,0,0.0,1,0.6,4,2,119,18,31,6.39,179.93,0.00299,0.11165,0.0,0.1625,2,0,0.0,0.2,2,0,1.44444444444,10.0,3.5,6.5,0.0952380952381
3122,2015-04-30,0,0.0,1,0.8,4,3,120,18,31,6.39,179.93,0.23107,0.33148,0.0,0.1625,2,0,0.0,0.2,2,0,1.44444444444,10.0,3.5,6.5,0.142857142857
3125,2015-04-29,0,0.0,1,0.6,4,2,119,18,31,1.83,179.93,0.00782,0.11165,0.0,0.0625,1,0,0.0,0.025,1,0,2.5,0.0,0.0,0.0,0.0
3125,2015-04-30,0,0.0,1,0.8,4,3,120,18,31,1.83,179.93,0.0341,0.20668,0.0,0.0625,1,0,0.0,0.025,1,0,2.5,0.0,0.0,0.0,0.0
3126,2015-04-29,0,0.0,1,0.6,4,2,119,18,31,10.35,179.93,0.23107,0.33148,0.0,0.3375,3,0,0.0,0.175,2,0,3.375,0.129,0.1429,0.12,0.2
3126,2015-04-30,0,0.0,1,0.8,4,3,120,18,31,10.35,179.93,0.00659,0.02076,0.0,0.3375,3,0,0.0,0.175,2,0,3.375,0.129,0.1429,0.12,0.0
3128,2015-04-29,0,0.0,1,0.6,4,2,119,18,31,0.3,179.93,0.07556,0.33148,0.0,0.0125,1,0,0.0,0.0,0,0,1.0,0.0,0.0,0.0,0.0
3128,2015-04-30,0,0.0,1,0.8,4,3,120,18,31,0.3,179.93,0.07556,0.33148,0.0,0.0125,1,0,0.0,0.0,0,0,1.0,0.0,0.0,0.0,0.0
3212,2015-04-29,0,0.0,1,0.6,4,2,119,18,32,0.3,15.22,0.02406,0.11165,0.0,0.0,0,0,0.0,0.025,1,0,0.0,0.0,0.0,0.0,0.0
3212,2015-04-30,0,0.0,1,0.8,4,3,120,18,32,0.3,15.22,0.23107,0.33148,0.0,0.0,0,0,0.0,0.025,1,0,0.0,0.0,0.0,0.0,0.0
3213,2015-04-29,0,0.0,1,0.6,4,2,119,18,32,0.91,15.22,0.02172,0.02901,0.0,0.025,1,0,0.0,0.025,1,0,1.0,0.3333,0.0,0.5,0.0
3213,2015-04-30,0,0.0,1,0.8,4,3,120,18,32,0.91,15.22,0.02172,0.02901,0.0,0.025,1,0,0.0,0.025,1,0,1.0,0.3333,0.0,0.5,0.0
3215,2015-04-29,0,0.0,1,0.6,4,2,119,18,32,0.3,15.22,0.0341,0.20668,0.0,0.0125,1,0,0.0,0.0,0,0,1.0,0.0,0.0,0.0,0.0
3215,2015-04-30,0,0.0,1,0.8,4,3,120,18,32,0.3,15.22,0.01042,0.02076,0.0,0.0125,1,0,0.0,0.0,0,0,1.0,0.0,0.0,0.0,0.0
3216,2015-04-29,0,0.0,1,0.6,4,2,119,18,32,0.61,15.22,0.02455,0.11165,0.0,0.025,1,0,0.0,0.0,0,0,2.0,0.5,0.0,0.5,0.0
3216,2015-04-30,0,0.0,1,0.8,4,3,120,18,32,0.61,15.22,0.01721,0.1372,0.0,0.025,1,0,0.0,0.0,0,0,2.0,0.5,0.0,0.5,0.0
3217,2015-04-29,0,0.0,1,0.6,4,2,119,18,32,3.65,15.22,0.02235,0.07166,0.0,0.1125,1,0,0.0,0.075,1,0,2.25,0.0,0.0,0.0,0.0
3217,2015-04-30,0,0.0,1,0.8,4,3,120,18,32,3.65,15.22,0.00659,0.02076,0.0,0.1125,1,0,0.0,0.075,1,0,2.25,0.0,0.0,0.0,0.0
3218,2015-04-29,0,0.0,1,0.6,4,2,119,18,32,1.83,15.22,0.07556,0.33148,0.0,0.0375,1,0,0.0,0.075,2,0,0.75,0.0,0.0,0.0,0.0
3218,2015-04-30,0,0.0,1,0.8,4,3,120,18,32,1.83,15.22,0.23107,0.33148,0.0,0.0375,1,0,0.0,0.075,2,0,0.75,0.0,0.0,0.0,0.0
3227,2015-04-29,0,0.0,1,0.6,4,2,119,18,32,7.61,15.22,0.0341,0.20668,0.0,0.2375,2,0,0.0,0.15,2,0,2.71428571429,0.0,0.0,0.0,0.0
3227,2015-04-30,0,0.0,1,0.8,4,3,120,18,32,7.61,15.22,0.03758,0.20668,0.0,0.2375,2,0,0.0,0.15,2,0,2.71428571429,0.0,0.0,0.0,0.0
3301,2015-04-29,0,0.0,1,0.6,4,2,119,18,33,1.52,81.29,0.23107,0.33148,0.0,0.05,1,0,0.0,0.025,1,0,2.0,0.5,0.0,0.6667,0.0
3301,2015-04-30,0,0.0,1,0.8,4,3,120,18,33,1.52,81.29,0.0341,0.20668,0.0,0.05,1,0,0.0,0.025,1,0,2.0,0.5,0.0,0.6667,0.0
3303,2015-04-29,0,0.0,1,0.6,4,2,119,18,33,0.3,81.29,0.01287,0.1372,0.0,0.0,0,0,0.0,0.025,1,0,0.0,0.0,0.0,0.0,0.0
3303,2015-04-30,0,0.0,1,0.8,4,3,120,18,33,0.3,81.29,0.0341,0.20668,0.0,0.0,0,0,0.0,0.025,1,0,0.0,0.0,0.0,0.0,0.0
3313,2015-04-29,0,0.0,1,0.6,4,2,119,18,33,0.61,81.29,0.07556,0.33148,0.0,0.0125,1,0,0.0,0.025,1,0,0.5,0.0,0.0,0.0,0.0
3313,2015-04-30,0,0.0,1,0.8,4,3,120,18,33,0.61,81.29,0.02114,0.33148,0.0,0.0125,1,0,0.0,0.025,1,0,0.5,0.0,0.0,0.0,0.0
3314,2015-04-29,0,0.0,1,0.6,4,2,119,18,33,0.61,81.29,0.23107,0.33148,0.0,0.0125,1,0,0.0,0.025,1,0,0.5,0.5,0.5,0.0,0.0
3314,2015-04-30,0,0.0,1,0.8,4,3,120,18,33,0.61,81.29,0.02114,0.33148,0.0,0.0125,1,0,0.0,0.025,1,0,0.5,0.5,0.5,0.0,0.0
3315,2015-04-29,0,0.0,1,0.6,4,2,119,18,33,3.35,81.29,0.23107,0.33148,0.0,0.0625,1,0,0.0,0.15,2,0,0.714285714286,0.0,0.0,0.0,0.0
3315,2015-04-30,0,0.0,1,0.8,4,3,120,18,33,3.35,81.29,0.02396,0.1372,0.0,0.0625,1,0,0.0,0.15,2,0,0.714285714286,0.0,0.0,0.0,0.0
3316,2015-04-29,0,0.0,1,0.6,4,2,119,18,33,2.13,81.29,0.00079,0.0138,0.0,0.0375,2,0,0.0,0.1,1,0,0.6,0.0,0.0,0.0,0.0
3316,2015-04-30,0,0.0,1,0.8,4,3,120,18,33,2.13,81.29,0.02758,0.11165,0.0,0.0375,2,0,0.0,0.1,1,0,0.6,0.0,0.0,0.0,0.0
3319,2015-04-29,0,0.0,1,0.6,4,2,119,18,33,25.57,81.29,0.00575,0.04445,0.0,0.6875,6,0,0.0,0.725,4,0,1.83333333333,0.0119,0.0,0.0182,0.0
3319,2015-04-30,0,0.0,1,0.8,4,3,120,18,33,25.57,81.29,0.00754,0.07166,0.0,0.6875,6,0,0.0,0.725,4,0,1.83333333333,0.0119,0.0,0.0182,0.5
3320,2015-04-29,0,0.0,1,0.6,4,2,119,18,33,7.61,81.29,0.01434,0.20668,0.0,0.175,3,0,0.0,0.275,2,0,1.16666666667,0.04,0.0,0.0714,0.0
3320,2015-04-30,0,0.0,1,0.8,4,3,120,18,33,7.61,81.29,0.0341,0.20668,0.0,0.175,3,0,0.0,0.275,2,0,1.16666666667,0.04,0.0,0.0714,0.0
3321,2015-04-29,0,0.0,1,0.6,4,2,119,18,33,15.22,81.29,0.23107,0.33148,0.0,0.375,3,0,0.0,0.5,2,0,1.42857142857,0.0,0.0,0.0,0.0
3321,2015-04-30,0,0.0,1,0.8,4,3,120,18,33,15.22,81.29,0.02406,0.11165,0.0,0.375,3,0,0.0,0.5,2,0,1.42857142857,0.0,0.0,0.0,0.0
3322,2015-04-29,0,0.0,1,0.6,4,2,119,18,33,8.22,81.29,0.01721,0.1372,0.0,0.3,3,0,0.0,0.075,1,0,6.0,0.0,0.0,0.0,0.0
3322,2015-04-30,0,0.0,1,0.8,4,3,120,18,33,8.22,81.29,0.00054,0.0138,0.0,0.3,3,0,0.0,0.075,1,0,6.0,0.0,0.0,0.0,0.0
3323,2015-04-29,0,0.0,1,0.6,4,2,119,18,33,8.22,81.29,0.0146,0.1372,0.0,0.2125,3,0,0.0,0.25,2,0,1.54545454545,0.0,0.0,0.0,0.0
3323,2015-04-30,0,0.0,1,0.8,4,3,120,18,33,8.22,81.29,0.23107,0.33148,0.0,0.2125,3,0,0.0,0.25,2,0,1.54545454545,0.0,0.0,0.0,0.0
3325,2015-04-29,0,0.0,1,0.6,4,2,119,18,33,1.52,81.29,0.00965,0.1372,0.0,0.0375,1,0,0.0,0.05,1,0,1.0,0.0,0.0,0.0,0.0
3325,2015-04-30,0,0.0,1,0.8,4,3,120,18,33,1.52,81.29,0.02455,0.11165,0.0,0.0375,1,0,0.0,0.05,1,0,1.0,0.0,0.0,0.0,0.0
3326,2015-04-29,0,0.0,1,0.6,4,2,119,18,33,0.91,81.29,0.23107,0.33148,0.0,0.0375,1,0,0.0,0.0,0,0,3.0,0.0,0.0,0.0,0.0
3326,2015-04-30,0,0.0,1,0.8,4,3,120,18,33,0.91,81.29,0.07556,0.33148,0.0,0.0375,1,0,0.0,0.0,0,0,3.0,0.0,0.0,0.0,0.0
3328,2015-04-29,0,0.0,1,0.6,4,2,119,18,33,1.83,81.29,0.0341,0.20668,0.0,0.0375,1,0,0.0,0.075,1,0,0.75,0.0,0.0,0.0,0.0
3328,2015-04-30,0,0.0,1,0.8,4,3,120,18,33,1.83,81.29,0.02534,0.20668,0.0,0.0375,1,0,0.0,0.075,1,0,0.75,0.0,0.0,0.0,0.0
3330,2015-04-29,0,0.0,1,0.6,4,2,119,18,33,3.65,81.29,0.23107,0.33148,0.0,0.0625,1,0,0.0,0.175,4,0,0.625,3.3333,3.5,1.0,0.454545454545
3330,2015-04-30,0,0.0,1,0.8,4,3,120,18,33,3.65,81.29,0.02114,0.33148,0.0,0.0625,1,0,0.0,0.175,4,0,0.625,3.3333,3.5,1.0,0.0909090909091
3401,2015-04-29,0,0.0,1,0.6,4,2,119,18,34,0.91,61.71,0.01102,0.1372,0.0,0.025,2,0,0.0,0.025,1,0,1.0,0.0,0.0,0.0,0.0
3401,2015-04-30,0,0.0,1,0.8,4,3,120,18,34,0.91,61.71,0.02396,0.1372,0.0,0.025,2,0,0.0,0.025,1,0,1.0,0.0,0.0,0.0,0.0
3402,2015-04-29,0,0.0,1,0.6,4,2,119,18,34,10.66,61.71,0.23107,0.33148,0.0,0.2375,2,0,0.0,0.4,2,0,1.11764705882,0.125,0.0625,0.1765,0.0
3402,2015-04-30,0,0.0,1,0.8,4,3,120,18,34,10.66,61.71,0.07556,0.33148,0.0,0.2375,2,0,0.0,0.4,2,0,1.11764705882,0.125,0.0625,0.1765,0.0
3403,2015-04-29,0,0.0,1,0.6,4,2,119,18,34,5.78,61.71,0.01107,0.1372,0.0,0.2,3,0,0.0,0.075,1,0,4.0,0.3333,0.0,0.4167,0.333333333333
3403,2015-04-30,0,0.0,1,0.8,4,3,120,18,34,5.78,61.71,0.02534,0.20668,0.0,0.2,3,0,0.0,0.075,1,0,4.0,0.3333,0.0,0.4167,0.0
3404,2015-04-29,0,0.0,1,0.6,4,2,119,18,34,0.3,61.71,0.23107,0.33148,0.0,0.0,0,0,0.0,0.025,1,0,0.0,0.0,0.0,0.0,0.0
3404,2015-04-30,0,0.0,1,0.8,4,3,120,18,34,0.3,61.71,0.23107,0.33148,0.0,0.0,0,0,0.0,0.025,1,0,0.0,0.0,0.0,0.0,0.0
3406,2015-04-29,0,0.0,1,0.6,4,2,119,18,34,1.22,61.71,0.0146,0.1372,0.0,0.0,0,0,0.0,0.1,2,0,0.0,0.25,0.25,0.0,0.0
3406,2015-04-30,0,0.0,1,0.8,4,3,120,18,34,1.22,61.71,0.02534,0.20668,0.0,0.0,0,0,0.0,0.1,2,0,0.0,0.25,0.25,0.0,0.0
3407,2015-04-29,0,0.0,1,0.6,4,2,119,18,34,17.66,61.71,0.0146,0.1372,0.0,0.5125,5,0,0.0,0.425,7,0,2.27777777778,0.2826,0.5,0.2,0.357142857143
3407,2015-04-30,0,0.0,1,0.8,4,3,120,18,34,17.66,61.71,0.23107,0.33148,0.0,0.5125,5,0,0.0,0.425,7,0,2.27777777778,0.2826,0.5,0.2,0.142857142857
3408,2015-04-29,0,0.0,1,0.6,4,2,119,18,34,12.79,61.71,0.02455,0.11165,0.0,0.3875,4,0,0.0,0.275,4,0,2.58333333333,0.2286,0.3333,0.1852,0.111111111111
3408,2015-04-30,0,0.0,1,0.8,4,3,120,18,34,12.79,61.71,0.02455,0.11165,0.0,0.3875,4,0,0.0,0.275,4,0,2.58333333333,0.2286,0.3333,0.1852,0.0
3409,2015-04-29,0,0.0,1,0.6,4,2,119,18,34,2.13,61.71,0.02235,0.07166,0.0,0.0875,3,0,0.0,0.0,0,0,7.0,3.5,0.0,3.5,0.375
3409,2015-04-30,0,0.0,1,0.8,4,3,120,18,34,2.13,61.71,0.02235,0.07166,0.0,0.0875,3,0,0.0,0.0,0,0,7.0,3.5,0.0,3.5,0.0
3410,2015-04-29,0,0.0,1,0.6,4,2,119,18,34,1.52,61.71,0.02114,0.33148,0.0,0.0625,2,0,0.0,0.0,0,0,5.0,1.0,0.0,1.0,0.5
3410,2015-04-30,0,0.0,1,0.8,4,3,120,18,34,1.52,61.71,0.23107,0.33148,0.0,0.0625,2,0,0.0,0.0,0,0,5.0,1.0,0.0,1.0,0.25
3412,2015-04-29,0,2.0,1,0.6,4,2,119,18,34,2.13,61.71,0.0053,0.1372,0.0,0.0625,2,0,0.0,0.05,2,0,1.66666666667,3.0,1.0,2.0,0.285714285714
3412,2015-04-30,0,0.0,1,0.8,4,3,120,18,34,2.13,61.71,0.02406,0.11165,0.0,0.0625,2,0,0.0,0.05,2,0,1.66666666667,3.0,1.0,2.0,0.285714285714
3415,2015-04-29,0,0.0,1,0.6,4,2,119,18,34,14.0,61.71,0.01102,0.1372,0.0,0.2875,3,0,0.0,0.575,5,0,0.958333333333,0.1463,0.1429,0.1429,0.142857142857
3415,2015-04-30,0,0.0,1,0.8,4,3,120,18,34,14.0,61.71,0.03772,0.20668,0.0,0.2875,3,0,0.0,0.575,5,0,0.958333333333,0.1463,0.1429,0.1429,0.0
3416,2015-04-29,0,0.0,1,0.6,4,2,119,18,34,0.3,61.71,0.02534,0.20668,0.0,0.0,0,0,0.0,0.025,1,0,0.0,0.0,0.0,0.0,0.0
3416,2015-04-30,0,0.0,1,0.8,4,3,120,18,34,0.3,61.71,0.01446,0.07166,0.0,0.0,0,0,0.0,0.025,1,0,0.0,0.0,0.0,0.0,0.0
3417,2015-04-29,0,0.0,1,0.6,4,2,119,18,34,3.35,61.71,0.00965,0.1372,0.0,0.0875,1,0,0.0,0.1,3,0,1.4,0.0,0.0,0.0,0.0
3417,2015-04-30,0,0.0,1,0.8,4,3,120,18,34,3.35,61.71,0.00196,0.00624,0.0,0.0875,1,0,0.0,0.1,3,0,1.4,0.0,0.0,0.0,0.0
3419,2015-04-29,0,0.0,1,0.6,4,2,119,18,34,0.3,61.71,0.03772,0.20668,0.0,0.0125,1,0,0.0,0.0,0,0,1.0,0.5,0.0,0.5,0.0
3419,2015-04-30,0,0.0,1,0.8,4,3,120,18,34,0.3,61.71,0.00645,0.1372,0.0,0.0125,1,0,0.0,0.0,0,0,1.0,0.5,0.0,0.5,0.0
3423,2015-04-29,0,2.0,1,0.6,4,2,119,18,34,2.44,61.71,0.02455,0.11165,0.0,0.075,2,0,0.0,0.05,2,0,2.0,4.0,1.0,3.0,0.555555555556
3423,2015-04-30,0,0.0,1,0.8,4,3,120,18,34,2.44,61.71,0.23107,0.33148,0.0,0.075,2,0,0.0,0.05,2,0,2.0,4.0,1.0,3.0,0.0
3424,2015-04-29,0,5.0,1,0.6,4,2,119,18,34,1.83,61.71,0.07556,0.33148,0.0,0.075,5,0,0.0,0.0,0,0,6.0,3.0,0.0,3.0,0.714285714286
3424,2015-04-30,0,0.0,1,0.8,4,3,120,18,34,1.83,61.71,0.00131,0.11165,0.0,0.075,5,0,0.0,0.0,0,0,6.0,3.0,0.0,3.0,0.0
3426,2015-04-29,0,0.0,1,0.6,4,2,119,18,34,3.65,61.71,0.23107,0.33148,0.0,0.1,2,0,0.0,0.1,1,0,1.6,1.1667,2.0,0.5,0.0
3426,2015-04-30,0,0.0,1,0.8,4,3,120,18,34,3.65,61.71,0.00521,0.02901,0.0,0.1,2,0,0.0,0.1,1,0,1.6,1.1667,2.0,0.5,0.125
3427,2015-04-29,0,0.0,1,0.6,4,2,119,18,34,3.04,61.71,0.01042,0.02076,0.0,0.1,2,0,0.0,0.05,1,0,2.66666666667,0.0,0.0,0.0,0.0
3427,2015-04-30,0,0.0,1,0.8,4,3,120,18,34,3.04,61.71,0.00327,0.1372,0.0,0.1,2,0,0.0,0.05,1,0,2.66666666667,0.0,0.0,0.0,0.0
3428,2015-04-29,0,0.0,1,0.6,4,2,119,18,34,0.61,61.71,0.02172,0.02901,0.0,0.025,1,0,0.0,0.0,0,0,2.0,1.0,0.0,1.0,0.666666666667
3428,2015-04-30,0,0.0,1,0.8,4,3,120,18,34,0.61,61.71,0.07556,0.33148,0.0,0.025,1,0,0.0,0.0,0,0,2.0,1.0,0.0,1.0,0.0
3429,2015-04-29,0,0.0,1,0.6,4,2,119,18,34,0.61,61.71,0.00617,0.20668,0.0,0.025,1,0,0.0,0.0,0,0,2.0,1.0,0.0,1.0,0.666666666667
3429,2015-04-30,0,0.0,1,0.8,4,3,120,18,34,0.61,61.71,0.00575,0.04445,0.0,0.025,1,0,0.0,0.0,0,0,2.0,1.0,0.0,1.0,0.0
3431,2015-04-29,0,0.0,1,0.6,4,2,119,18,34,6.39,61.71,0.01801,0.20668,0.0,0.2125,4,0,0.0,0.1,1,0,3.4,0.6923,0.6667,0.6364,0.2
3431,2015-04-30,0,0.0,1,0.8,4,3,120,18,34,6.39,61.71,0.0053,0.1372,0.0,0.2125,4,0,0.0,0.1,1,0,3.4,0.6923,0.6667,0.6364,0.0
3432,2015-04-29,0,0.0,1,0.6,4,2,119,18,34,0.91,61.71,0.23107,0.33148,0.0,0.025,1,0,0.0,0.025,1,0,1.0,0.0,0.0,0.0,0.0
3432,2015-04-30,0,0.0,1,0.8,4,3,120,18,34,0.91,61.71,0.01801,0.20668,0.0,0.025,1,0,0.0,0.025,1,0,1.0,0.0,0.0,0.0,0.0
3436,2015-04-29,0,0.0,1,0.6,4,2,119,18,34,0.01,61.71,0.07556,0.33148,0.0,0.0,0,0,0.0,0.025,1,0,0.0,0.0,0.0,0.0,0.0
3436,2015-04-30,0,0.0,1,0.8,4,3,120,18,34,0.01,61.71,0.02172,0.02901,0.0,0.0,0,0,0.0,0.025,1,0,0.0,0.0,0.0,0.0,0.0
10,2015-04-29,0,0.0,1,0.6,4,2,119,18,10,157.19,157.19,0.03772,0.20668,10.0,11.925,44,0,7.5,7.2,20,0,3.30103806228,0.0,0.0,0.0,0.0
10,2015-04-30,0,0.0,1,0.8,4,3,120,18,10,157.19,157.19,0.01107,0.1372,10.0,11.925,44,0,7.5,7.2,20,0,3.30103806228,0.0,0.0,0.0,0.0
11,2015-04-29,0,0.0,1,0.6,4,2,119,18,11,36.87,36.87,0.02758,0.11165,1.0,1.825,11,0,1.0,1.225,5,0,2.92,0.0,0.0,0.0,0.0
11,2015-04-30,0,0.0,1,0.8,4,3,120,18,11,36.87,36.87,0.23107,0.33148,1.0,1.825,11,0,1.0,1.225,5,0,2.92,0.0,0.0,0.0,0.0
12,2015-04-29,0,0.0,1,0.6,4,2,119,18,12,2683.71,2683.71,0.23107,0.33148,128.0,125.9625,222,0,107.5,102.875,197,0,2.44825072886,0.0,0.0,0.0,0.0
12,2015-04-30,0,0.0,1,0.8,4,3,120,18,12,2683.71,2683.71,0.01102,0.1372,128.0,125.9625,222,0,107.5,102.875,197,0,2.44825072886,0.0,0.0,0.0,0.0
13,2015-04-29,0,0.0,1,0.6,4,2,119,18,13,65.92,65.92,0.01446,0.07166,7.5,7.8125,16,0,7.0,6.6,18,0,2.35849056604,0.0,0.0,0.0,0.0
13,2015-04-30,0,0.0,1,0.8,4,3,120,18,13,65.92,65.92,0.02534,0.20668,7.5,7.8125,16,0,7.0,6.6,18,0,2.35849056604,0.0,0.0,0.0,0.0
14,2015-04-29,0,0.0,1,0.6,4,2,119,18,14,3.4,3.4,0.01488,0.20668,0.0,0.1875,4,0,0.0,0.075,1,0,3.75,0.0,0.0,0.0,0.0
14,2015-04-30,0,0.0,1,0.8,4,3,120,18,14,3.4,3.4,0.02235,0.07166,0.0,0.1875,4,0,0.0,0.075,1,0,3.75,0.0,0.0,0.0,0.0
15,2015-04-29,0,27.0,1,0.6,4,2,119,18,15,966.64,966.64,0.03772,0.20668,41.0,41.175,93,0,34.0,37.15,124,0,2.21519838601,0.5101,0.5112,0.5094,0.237623762376
15,2015-04-30,0,17.0,1,0.8,4,3,120,18,15,966.64,966.64,0.00617,0.20668,41.0,41.175,93,0,34.0,37.15,124,0,2.21519838601,0.5101,0.5112,0.5094,0.105198019802
20,2015-04-29,0,33.0,1,0.6,4,2,119,18,20,1788.34,1788.34,0.02534,0.20668,51.0,52.15,131,0,41.0,42.55,89,0,2.44979448033,0.1475,0.1197,0.1592,0.294973544974
20,2015-04-30,0,9.0,1,0.8,4,3,120,18,20,1788.34,1788.34,0.00215,0.11165,51.0,52.15,131,0,41.0,42.55,89,0,2.44979448033,0.1475,0.1197,0.1592,0.145502645503
21,2015-04-29,0,0.0,1,0.6,4,2,119,18,21,114.79,114.79,0.00304,0.0138,4.0,5.05,20,0,5.0,4.675,14,0,2.14893617021,0.3672,0.2617,0.4211,0.2125
21,2015-04-30,0,0.0,1,0.8,4,3,120,18,21,114.79,114.79,0.01446,0.07166,4.0,5.05,20,0,5.0,4.675,14,0,2.14893617021,0.3672,0.2617,0.4211,0.08125
22,2015-04-29,0,44.0,1,0.6,4,2,119,18,22,1774.79,1774.79,0.00575,0.04445,67.0,72.7625,239,0,69.5,75.7,322,0,1.92175635523,0.3454,0.2994,0.3705,0.250769907611
22,2015-04-30,0,26.0,1,0.8,4,3,120,18,22,1774.79,1774.79,0.03772,0.20668,67.0,72.7625,239,0,69.5,75.7,322,0,1.92175635523,0.3454,0.2994,0.3705,0.113066432028
23,2015-04-29,0,1.0,1,0.6,4,2,119,18,23,379.29,379.29,0.01042,0.02076,13.5,14.3875,79,0,16.0,18.8,111,0,1.52855245684,0.1952,0.1877,0.2,0.24358974359
23,2015-04-30,0,3.0,1,0.8,4,3,120,18,23,379.29,379.29,0.23107,0.33148,13.5,14.3875,79,0,16.0,18.8,111,0,1.52855245684,0.1952,0.1877,0.2,0.0865384615385
30,2015-04-29,0,25.0,1,0.6,4,2,119,18,30,622.5,622.5,0.00215,0.11165,25.5,27.0375,56,0,21.5,22.625,57,0,2.38741721854,0.6429,0.5729,0.6736,0.265391014975
30,2015-04-30,0,10.0,1,0.8,4,3,120,18,30,622.5,622.5,0.23107,0.33148,25.5,27.0375,56,0,21.5,22.625,57,0,2.38741721854,0.6429,0.5729,0.6736,0.114808652246
31,2015-04-29,0,1.0,1,0.6,4,2,119,18,31,179.93,179.93,0.02114,0.33148,4.0,4.925,18,0,3.5,4.925,24,0,1.9898989899,0.1654,0.1716,0.1618,0.294117647059
31,2015-04-30,0,0.0,1,0.8,4,3,120,18,31,179.93,179.93,0.23107,0.33148,4.0,4.925,18,0,3.5,4.925,24,0,1.9898989899,0.1654,0.1716,0.1618,0.0705882352941
32,2015-04-29,0,0.0,1,0.6,4,2,119,18,32,15.22,15.22,0.02534,0.20668,0.0,0.45,3,0,0.0,0.35,2,0,2.4,0.0408,0.0,0.0571,0.0
32,2015-04-30,0,0.0,1,0.8,4,3,120,18,32,15.22,15.22,0.23107,0.33148,0.0,0.45,3,0,0.0,0.35,2,0,2.4,0.0408,0.0,0.0571,0.0
33,2015-04-29,0,0.0,1,0.6,4,2,119,18,33,81.29,81.29,0.07556,0.33148,1.0,2.1,8,0,2.0,2.475,9,0,1.68,0.0593,0.087,0.0432,0.3125
33,2015-04-30,0,0.0,1,0.8,4,3,120,18,33,81.29,81.29,0.07556,0.33148,1.0,2.1,8,0,2.0,2.475,9,0,1.68,0.0593,0.087,0.0432,0.125
34,2015-04-29,0,9.0,1,0.6,4,2,119,18,34,61.71,61.71,0.01801,0.20668,2.0,2.6,12,0,2.0,2.425,15,0,2.12244897959,0.4037,0.3243,0.4414,0.359550561798
34,2015-04-30,0,0.0,1,0.8,4,3,120,18,34,61.71,61.71,0.00371,0.33148,2.0,2.6,12,0,2.0,2.425,15,0,2.12244897959,0.4037,0.3243,0.4414,0.0674157303371
